username,name,dob,email,last login
bbilborough0,Barton Bilborough,1979-08-24,bbilborough0@histats.com,2021-02-25 21:56
ctydd1,Carole Tydd,1976-02-26,ctydd1@amazonaws.com,2021-03-19 1:45
bdelmage2,Benyamin Delmage,1995-04-29,bdelmage2@privacy.gov.au,2021-01-25 10:24
iahearne3,Izabel Ahearne,1994-07-09,iahearne3@accuweather.com,2021-02-05 9:25
pfeenan4,Pansy Feenan,1994-06-04,pfeenan4@craigslist.org,2021-02-28 16:49
nbagnal5,Nahum Bagnal,2001-01-25,nbagnal5@biglobe.ne.jp,2021-03-14 12:09
rjoannet6,Rutger Joannet,1985-12-24,rjoannet6@businessweek.com,2021-03-20 11:07
lmoretto7,Lila Moretto,1984-06-12,lmoretto7@naver.com,2021-02-21 5:29
jlicquorish8,Jarrid Licquorish,1974-12-31,jlicquorish8@wired.com,2021-02-11 2:43
bhegel9,Barbi Hegel,1984-09-28,bhegel9@feedburner.com,2021-02-15 3:01
khollowsa,Keary Hollows,1971-07-03,khollowsa@rakuten.co.jp,2021-02-16 17:52
dbarnettb,Donaugh Barnett,1993-10-18,dbarnettb@psu.edu,2021-02-20 7:24
fmacaughtriec,Francklyn MacAughtrie,1994-04-26,fmacaughtriec@theatlantic.com,2021-03-15 23:51
tcampanyd,Tammy Campany,1993-08-31,tcampanyd@china.com.cn,2021-03-04 11:45
efairebrothere,Erda Fairebrother,1999-06-12,efairebrothere@nps.gov,2021-03-02 6:51
lboigf,Laurie Boig,1977-05-07,lboigf@go.com,2021-03-18 15:33
cquickfallg,Colas Quickfall,2004-10-12,cquickfallg@omniture.com,2021-03-09 4:46
abennoeh,Alane Bennoe,1972-02-07,abennoeh@reddit.com,2021-02-06 22:52
gfassmani,Genovera Fassman,1997-06-17,gfassmani@omniture.com,2021-03-09 6:00
nmoxleyj,Nana Moxley,1983-03-11,nmoxleyj@printfriendly.com,2021-02-18 7:53
lellulk,Lesley Ellul,1992-07-22,lellulk@loc.gov,2021-03-15 22:35
ucutcliffel,Urson Cutcliffe,2005-03-17,ucutcliffel@sphinn.com,2021-03-18 20:45
bfarncombm,Barrie Farncomb,1974-10-10,bfarncombm@4shared.com,2021-02-16 1:09
scullingfordn,Sterling Cullingford,1989-06-20,scullingfordn@uiuc.edu,2021-03-01 0:58
nbickerstasseo,Nels Bickerstasse,1984-02-12,nbickerstasseo@squidoo.com,2021-02-18 4:19
jbitchenop,Jocelyn Bitcheno,1992-07-08,jbitchenop@bbb.org,2021-02-06 19:26
oknowllerq,Onfre Knowller,1983-09-27,oknowllerq@vimeo.com,2021-03-03 20:52
sdullardr,Suellen Dullard,2002-06-21,sdullardr@oracle.com,2021-01-28 7:03
ajakubowiczs,Alexina Jakubowicz,1996-06-08,ajakubowiczs@delicious.com,2021-02-12 18:33
dgentiryt,Darn Gentiry,1992-09-26,dgentiryt@histats.com,2021-03-17 5:02
abeveridgeu,Aldus Beveridge,1976-10-18,abeveridgeu@businesswire.com,2021-02-08 7:11
amedforthv,Aldus Medforth,2004-08-08,amedforthv@amazon.co.uk,2021-02-07 16:52
kboycottw,Kassia Boycott,1977-05-09,kboycottw@opera.com,2021-02-24 16:16
wusherwoodx,Wade Usherwood,1998-12-18,wusherwoodx@usnews.com,2021-02-06 11:10
hmackernessy,Haskel Mackerness,1982-05-01,hmackernessy@comcast.net,2021-01-23 14:11
jfluckerz,Justis Flucker,1990-05-07,jfluckerz@apple.com,2021-03-06 20:38
hickovicz10,Harvey Ickovicz,1989-02-26,hickovicz10@jimdo.com,2021-02-11 11:02
bboise11,Blane Boise,1992-04-11,bboise11@seattletimes.com,2021-02-27 12:07
cgubbins12,Celina Gubbins,1974-10-10,cgubbins12@google.com,2021-01-24 13:48
ssomerlie13,Shaylynn Somerlie,1988-12-19,ssomerlie13@ucoz.com,2021-02-02 14:01
gredford14,Gwynne Redford,1986-10-17,gredford14@live.com,2021-02-16 9:06
aweetch15,Augusto Weetch,1993-07-03,aweetch15@illinois.edu,2021-03-17 13:56
mavramchik16,Marena Avramchik,2002-08-25,mavramchik16@issuu.com,2021-01-29 17:45
dcolqueran17,Dayna Colqueran,1999-05-21,dcolqueran17@upenn.edu,2021-01-25 7:50
dsighart18,Dani Sighart,1985-08-19,dsighart18@hexun.com,2021-03-03 22:20
mmandell19,Myrtice Mandell,1979-07-03,mmandell19@economist.com,2021-03-01 22:24
etamblyn1a,Enrico Tamblyn,1992-02-07,etamblyn1a@arstechnica.com,2021-03-09 22:51
cskillitt1b,Clem Skillitt,1983-05-28,cskillitt1b@1und1.de,2021-03-18 4:06
eanger1c,Eldin Anger,2004-12-16,eanger1c@hp.com,2021-01-29 14:12
jevelyn1d,Jay Evelyn,1993-08-22,jevelyn1d@examiner.com,2021-02-11 3:26
cgirod1e,Chickie Girod,1979-05-01,cgirod1e@admin.ch,2021-01-28 21:31
mrichfield1f,Meris Richfield,1992-09-08,mrichfield1f@dmoz.org,2021-03-16 17:45
mstern1g,Milzie Stern,1980-04-28,mstern1g@arizona.edu,2021-02-07 14:40
gholhouse1h,Gertruda Holhouse,1993-05-29,gholhouse1h@twitter.com,2021-03-14 3:28
pdufaire1i,Pat Dufaire,2003-01-28,pdufaire1i@blogs.com,2021-02-12 3:49
rmossman1j,Rheta Mossman,2000-07-22,rmossman1j@youtube.com,2021-03-02 6:45
lbohlens1k,Liuka Bohlens,2004-07-15,lbohlens1k@spotify.com,2021-03-07 16:00
mlempenny1l,Mel Lempenny,1997-12-05,mlempenny1l@sun.com,2021-02-18 20:49
kcabral1m,Kynthia Cabral,1994-12-20,kcabral1m@washington.edu,2021-02-18 11:06
ljencken1n,Lidia Jencken,1984-09-18,ljencken1n@google.nl,2021-03-17 6:01
bkembery1o,Bern Kembery,2001-03-07,bkembery1o@google.pl,2021-02-28 20:27
bgalland1p,Barri Galland,1997-10-29,bgalland1p@whitehouse.gov,2021-02-22 17:47
arotchell1q,Andreas Rotchell,1993-01-13,arotchell1q@fastcompany.com,2021-03-09 17:28
xbrampton1r,Xaviera Brampton,1978-08-12,xbrampton1r@weibo.com,2021-02-16 2:26
mmatzaitis1s,Maria Matzaitis,1988-06-08,mmatzaitis1s@gnu.org,2021-02-06 18:17
tramberg1t,Teodor Ramberg,1991-08-15,tramberg1t@nature.com,2021-02-14 17:18
gkydde1u,Georgeanna Kydde,1972-07-11,gkydde1u@mayoclinic.com,2021-03-18 10:13
gwebermann1v,Galvin Webermann,1982-07-25,gwebermann1v@geocities.jp,2021-02-08 2:36
mryle1w,Margot Ryle,1986-09-28,mryle1w@wisc.edu,2021-02-19 19:33
fpauli1x,Faun Pauli,1984-03-09,fpauli1x@biglobe.ne.jp,2021-03-16 2:47
aclemenzo1y,Arri Clemenzo,1980-09-21,aclemenzo1y@ucla.edu,2021-02-12 10:30
livankov1z,Liliane Ivankov,1986-09-15,livankov1z@plala.or.jp,2021-03-05 23:31
lwoofenden20,Leila Woofenden,1991-08-05,lwoofenden20@gravatar.com,2021-03-18 12:03
bdumphries21,Bessie Dumphries,1991-06-04,bdumphries21@xrea.com,2021-02-03 4:02
cslay22,Chrissie Slay,1971-05-03,cslay22@naver.com,2021-03-01 2:51
rwathell23,Renard Wathell,1985-04-19,rwathell23@walmart.com,2021-03-14 22:14
jparsell24,Jinny Parsell,1983-07-02,jparsell24@yale.edu,2021-02-25 15:26
kbice25,Kiersten Bice,1973-04-13,kbice25@shop-pro.jp,2021-03-05 1:43
bjedraszczyk26,Billi Jedraszczyk,1982-11-20,bjedraszczyk26@oracle.com,2021-02-27 8:19
jpawlyn27,Janetta Pawlyn,1998-04-30,jpawlyn27@nbcnews.com,2021-03-15 22:10
jcharon28,Judi Charon,1974-11-29,jcharon28@unicef.org,2021-02-11 6:26
msancraft29,Maribeth Sancraft,1984-09-01,msancraft29@goo.ne.jp,2021-02-16 16:43
bwillbraham2a,Berty Willbraham,1972-07-01,bwillbraham2a@nymag.com,2021-03-20 16:24
hmacmarcuis2b,Harrie MacMarcuis,1971-01-25,hmacmarcuis2b@cam.ac.uk,2021-02-27 9:25
dpalister2c,Desdemona Palister,1991-06-16,dpalister2c@dyndns.org,2021-03-02 9:05
rhadingham2d,Richy Hadingham,1991-07-04,rhadingham2d@dyndns.org,2021-03-02 0:28
wball2e,Worth Ball,1997-10-29,wball2e@ezinearticles.com,2021-03-03 22:15
sdignan2f,Stanislaus Dignan,1988-09-24,sdignan2f@parallels.com,2021-02-10 7:27
eday2g,Euell Day,1989-03-23,eday2g@slashdot.org,2021-02-18 17:05
tattfield2h,Trixy Attfield,1974-03-08,tattfield2h@jiathis.com,2021-02-28 11:11
ggalvin2i,Greta Galvin,2000-07-21,ggalvin2i@mac.com,2021-03-01 18:02
lstickells2j,Luce Stickells,2002-08-23,lstickells2j@meetup.com,2021-03-12 21:59
ugormally2k,Urbano Gormally,1988-10-27,ugormally2k@blog.com,2021-02-22 0:44
lbakesef2l,Libby Bakesef,1981-02-19,lbakesef2l@mediafire.com,2021-03-06 12:46
ehansel2m,Ethelred Hansel,1981-08-28,ehansel2m@theatlantic.com,2021-03-22 1:43
sloveridge2n,Skyler Loveridge,1973-04-09,sloveridge2n@so-net.ne.jp,2021-02-25 5:35
atoohey2o,Alano Toohey,1970-08-19,atoohey2o@goo.gl,2021-02-17 6:06
rtohill2p,Robinetta Tohill,1984-02-02,rtohill2p@behance.net,2021-03-14 18:12
msmedmore2q,Millie Smedmore,1991-04-19,msmedmore2q@tripadvisor.com,2021-03-21 12:46
fpigford2r,Franky Pigford,1982-04-08,fpigford2r@freewebs.com,2021-03-09 9:00
cfernandes2s,Camille Fernandes,1980-11-09,cfernandes2s@squarespace.com,2021-03-19 8:54
cgrishechkin2t,Casandra Grishechkin,1979-01-16,cgrishechkin2t@howstuffworks.com,2021-03-19 6:58
abartolomeu2u,Anne-marie Bartolomeu,1996-08-09,abartolomeu2u@squarespace.com,2021-03-09 22:51
dghelardi2v,Del Ghelardi,1996-07-02,dghelardi2v@1und1.de,2021-03-13 2:52
tsaffe2w,Theobald Saffe,2002-01-06,tsaffe2w@nydailynews.com,2021-02-10 2:35
ksperling2x,Kilian Sperling,1993-06-10,ksperling2x@ucoz.ru,2021-02-10 15:18
lerskine2y,Livvyy Erskine Sandys,1995-01-08,lerskine2y@weibo.com,2021-03-19 12:04
sgale2z,Sawyere Gale,2002-01-16,sgale2z@disqus.com,2021-02-17 19:10
ajiruch30,Adlai Jiruch,1977-07-23,ajiruch30@usnews.com,2021-01-23 0:25
tmarkushkin31,Tracie Markushkin,1977-11-26,tmarkushkin31@msu.edu,2021-03-20 9:46
tstearn32,Theodor Stearn,1978-10-24,tstearn32@shareasale.com,2021-03-18 12:34
ltiffany33,Libbey Tiffany,1996-09-23,ltiffany33@unc.edu,2021-03-18 16:57
fjendricke34,Far Jendricke,1987-08-14,fjendricke34@omniture.com,2021-02-15 4:40
myandle35,Marv Yandle,1974-04-21,myandle35@japanpost.jp,2021-02-14 21:25
emcronald36,Edie McRonald,1994-03-27,emcronald36@prweb.com,2021-02-02 18:29
amoorwood37,Anita Moorwood,1994-01-13,amoorwood37@cornell.edu,2021-02-23 4:51
ccrewe38,Clint Crewe,2003-04-19,ccrewe38@upenn.edu,2021-02-08 4:41
cjakeman39,Charmaine Jakeman,2000-01-09,cjakeman39@ovh.net,2021-03-08 3:57
cikins3a,Chadd Ikins,1989-11-01,cikins3a@pagesperso-orange.fr,2021-01-26 13:17
hbudik3b,Hyacintha Budik,1970-11-12,hbudik3b@fastcompany.com,2021-03-03 7:19
mfilipovic3c,Mufinella Filipovic,1991-06-26,mfilipovic3c@cam.ac.uk,2021-03-06 4:45
dantwis3d,Danyette Antwis,2000-12-23,dantwis3d@princeton.edu,2021-02-28 9:08
sorrick3e,Sheila Orrick,1976-01-06,sorrick3e@mozilla.com,2021-02-10 1:10
fbignal3f,Felice Bignal,1996-01-28,fbignal3f@senate.gov,2021-03-07 4:43
jmulryan3g,Joe Mulryan,1997-08-22,jmulryan3g@imdb.com,2021-03-20 19:36
lburdoun3h,Lenee Burdoun,1988-10-21,lburdoun3h@netvibes.com,2021-03-13 20:40
tgrahamslaw3i,Turner Grahamslaw,1986-12-28,tgrahamslaw3i@oakley.com,2021-02-22 9:33
jpordal3j,Jo-anne Pordal,2001-01-24,jpordal3j@livejournal.com,2021-02-09 12:06
gchaudron3k,Gare Chaudron,1984-07-25,gchaudron3k@cisco.com,2021-03-10 18:03
bcomley3l,Bartolomeo Comley,1999-10-20,bcomley3l@google.com.br,2021-03-21 23:27
dcareswell3m,Demetra Careswell,1975-02-26,dcareswell3m@uiuc.edu,2021-03-03 18:31
ghamp3n,Garth Hamp,1994-11-27,ghamp3n@clickbank.net,2021-03-17 18:54
bspalls3o,Brnaba Spalls,1977-12-24,bspalls3o@telegraph.co.uk,2021-03-08 18:53
jsangwine3p,Jazmin Sangwine,1997-03-28,jsangwine3p@boston.com,2021-03-12 1:39
bbowld3q,Berti Bowld,1986-11-15,bbowld3q@cnbc.com,2021-03-05 11:01
bgorler3r,Babbie Gorler,1976-10-28,bgorler3r@archive.org,2021-03-07 8:16
ysidsaff3s,Yanaton Sidsaff,1997-06-09,ysidsaff3s@hatena.ne.jp,2021-02-28 6:43
gmowat3t,Garreth Mowat,1984-01-15,gmowat3t@ustream.tv,2021-01-31 21:06
gnockalls3u,Grete Nockalls,1979-09-15,gnockalls3u@163.com,2021-03-09 15:36
aruspine3v,Abie Ruspine,1980-10-14,aruspine3v@apache.org,2021-02-20 2:09
drands3w,Derrick Rands,1976-07-03,drands3w@aboutads.info,2021-02-05 12:37
csummerfield3x,Camellia Summerfield,1980-01-12,csummerfield3x@shutterfly.com,2021-02-14 19:44
vbenn3y,Vyky Benn,1991-06-24,vbenn3y@flickr.com,2021-02-04 0:42
jbunson3z,Janenna Bunson,1990-04-29,jbunson3z@ted.com,2021-02-22 16:21
avictoria40,Arney Victoria,1995-06-22,avictoria40@cloudflare.com,2021-02-06 18:56
estachini41,Elnar Stachini,1982-07-12,estachini41@bloglines.com,2021-02-16 0:55
dspitaro42,Danella Spitaro,1992-08-10,dspitaro42@shareasale.com,2021-03-20 10:33
btargett43,Bald Targett,1982-03-17,btargett43@storify.com,2021-02-28 9:06
vmatthewman44,Vitia Matthewman,1977-06-14,vmatthewman44@privacy.gov.au,2021-02-07 13:18
zdimmack45,Zechariah Dimmack,1971-03-17,zdimmack45@lycos.com,2021-02-19 13:35
ssimm46,Sammy Simm,1976-09-13,ssimm46@ask.com,2021-02-05 8:39
nmacallaster47,Nolly MacAllaster,1994-08-03,nmacallaster47@cloudflare.com,2021-02-10 18:19
cmould48,Claus Mould,1996-10-07,cmould48@oaic.gov.au,2021-01-24 20:56
bburrows49,Belita Burrows,1974-03-01,bburrows49@t.co,2021-02-28 12:47
isoanes4a,Illa Soanes,1977-08-27,isoanes4a@123-reg.co.uk,2021-03-13 13:39
slindstrom4b,Sasha Lindstrom,1980-05-24,slindstrom4b@nature.com,2021-01-23 0:13
btemlett4c,Berry Temlett,1977-08-28,btemlett4c@merriam-webster.com,2021-02-24 18:25
inewby4d,Ibby Newby,1984-08-02,inewby4d@wordpress.com,2021-02-28 15:58
deccleshare4e,Davey Eccleshare,1993-03-05,deccleshare4e@howstuffworks.com,2021-02-28 15:12
backermann4f,Bobbie Ackermann,2002-04-07,backermann4f@mozilla.org,2021-02-23 10:52
bklimmek4g,Birgitta Klimmek,1979-12-16,bklimmek4g@nytimes.com,2021-02-23 10:52
gdearnaly4h,Gualterio Dearnaly,2000-06-23,gdearnaly4h@apple.com,2021-03-14 16:18
otuminelli4i,Oneida Tuminelli,1988-09-17,otuminelli4i@creativecommons.org,2021-03-20 16:02
dmacvey4j,Derwin Macvey,1981-08-13,dmacvey4j@google.pl,2021-02-24 3:43
hmcfetrich4k,Hubey McFetrich,1989-09-03,hmcfetrich4k@unc.edu,2021-02-04 22:58
cellick4l,Cathy Ellick,2003-10-07,cellick4l@usa.gov,2021-02-27 14:15
ldelamaine4m,Lion Delamaine,1980-01-03,ldelamaine4m@tripod.com,2021-02-16 13:01
jwarden4n,Jodie Warden,2003-11-15,jwarden4n@wordpress.org,2021-03-09 7:26
zwyllcocks4o,Zarla Wyllcocks,1995-11-14,zwyllcocks4o@opensource.org,2021-02-27 11:50
rbaskett4p,Ruth Baskett,1992-01-27,rbaskett4p@unesco.org,2021-02-17 0:43
msailer4q,Melisse Sailer,1991-06-07,msailer4q@vinaora.com,2021-03-16 18:51
wmewburn4r,Warden Mewburn,1981-11-01,wmewburn4r@amazonaws.com,2021-02-18 18:16
gvest4s,Gilly Vest,1988-10-12,gvest4s@phoca.cz,2021-01-23 22:21
jburberow4t,Jessalyn Burberow,1990-03-22,jburberow4t@taobao.com,2021-03-17 3:02
mcongram4u,Maxine Congram,1970-12-17,mcongram4u@goodreads.com,2021-02-11 3:58
eclimar4v,Ernest Climar,1972-09-16,eclimar4v@cloudflare.com,2021-03-11 13:48
alettuce4w,Andrea Lettuce,1970-09-12,alettuce4w@skype.com,2021-02-01 4:35
estannislawski4x,Emmery Stannislawski,1982-08-29,estannislawski4x@ibm.com,2021-03-12 11:37
wmoreman4y,Wallis Moreman,2002-03-11,wmoreman4y@xinhuanet.com,2021-03-10 20:01
nrusso4z,Nelly Russo,1996-04-17,nrusso4z@tripadvisor.com,2021-02-08 4:08
dmclurg50,Dotti McLurg,1988-02-29,dmclurg50@1688.com,2021-02-09 12:36
cmilliere51,Christal Milliere,1996-11-10,cmilliere51@w3.org,2021-02-08 4:43
rvasey52,Rodd Vasey,1995-05-20,rvasey52@reddit.com,2021-02-03 22:58
rormistone53,Reuven Ormistone,2003-07-15,rormistone53@usda.gov,2021-02-16 16:53
bphizacklea54,Briggs Phizacklea,1983-03-04,bphizacklea54@friendfeed.com,2021-01-25 9:18
osurtees55,Orbadiah Surtees,1998-10-09,osurtees55@craigslist.org,2021-02-06 19:29
scholton56,Stormie Cholton,1998-05-22,scholton56@narod.ru,2021-03-15 17:09
elawdham57,Emmott Lawdham,2001-03-23,elawdham57@craigslist.org,2021-03-11 2:25
gbaldung58,Goldina Baldung,1982-04-15,gbaldung58@sogou.com,2021-03-04 4:45
kcalcott59,Kimmie Calcott,1998-12-05,kcalcott59@auda.org.au,2021-02-20 12:04
ade5a,Abbi De Castri,1993-06-10,ade5a@mac.com,2021-03-09 15:41
dvan5b,Devon Van der Krui,1984-12-30,dvan5b@feedburner.com,2021-03-18 0:30
rmorley5c,Ranna Morley,1979-12-30,rmorley5c@sfgate.com,2021-03-04 16:36
gharbisher5d,Giacobo Harbisher,1985-11-02,gharbisher5d@umich.edu,2021-02-17 7:29
jruusa5e,Jard Ruusa,1986-08-15,jruusa5e@yahoo.co.jp,2021-02-10 7:17
eovendon5f,Elsbeth Ovendon,1986-10-14,eovendon5f@topsy.com,2021-03-17 10:07
mholdren5g,Melisenda Holdren,1992-12-11,mholdren5g@theglobeandmail.com,2021-03-14 16:09
ostratford5h,Orv Stratford,1971-04-05,ostratford5h@netscape.com,2021-01-25 10:26
bwreford5i,Bastien Wreford,1995-02-05,bwreford5i@jiathis.com,2021-02-20 15:09
cnewis5j,Casie Newis,1981-07-11,cnewis5j@slideshare.net,2021-03-03 21:10
obloodworthe5k,Ogden Bloodworthe,1983-10-02,obloodworthe5k@lulu.com,2021-03-12 19:00
ilimb5l,Iolanthe Limb,1983-07-02,ilimb5l@dailymail.co.uk,2021-03-10 18:46
cbasford5m,Coralie Basford,2002-03-31,cbasford5m@histats.com,2021-02-19 15:05
mscola5n,Moe Scola,1977-10-18,mscola5n@hud.gov,2021-02-10 16:07
cpiris5o,Chris Piris,1978-03-28,cpiris5o@jimdo.com,2021-02-06 20:16
ejory5p,Erwin Jory,2000-08-30,ejory5p@dion.ne.jp,2021-02-23 1:09
jlockett5q,Jo-anne Lockett,1998-06-06,jlockett5q@craigslist.org,2021-03-20 7:04
mricket5r,Marshall Ricket,1991-11-26,mricket5r@vimeo.com,2021-02-18 1:09
bandroli5s,Barron Androli,1978-05-29,bandroli5s@1und1.de,2021-03-03 6:16
rspurman5t,Rupert Spurman,1986-02-10,rspurman5t@oaic.gov.au,2021-02-02 12:59
kmieville5u,Kacie Mieville,1997-01-04,kmieville5u@dmoz.org,2021-02-23 22:07
gsauvan5v,Genna Sauvan,1999-05-13,gsauvan5v@w3.org,2021-03-08 1:54
sbernakiewicz5w,Sauncho Bernakiewicz,1999-11-26,sbernakiewicz5w@mtv.com,2021-02-12 14:38
gmilne5x,Gavra Milne,1980-07-20,gmilne5x@homestead.com,2021-03-06 16:54
churford5y,Corabelle Hurford,1992-05-27,churford5y@elpais.com,2021-03-19 16:06
tblandford5z,Travis Blandford,1979-05-14,tblandford5z@dion.ne.jp,2021-02-13 4:30
bpoytheras60,Birdie Poytheras,1972-06-09,bpoytheras60@youtube.com,2021-01-25 1:09
mlaval61,Martina Laval,1994-01-13,mlaval61@cbsnews.com,2021-01-28 18:18
ledgworth62,Lin Edgworth,1981-01-04,ledgworth62@deliciousdays.com,2021-01-31 3:31
iwoods63,Iormina Woods,2004-05-02,iwoods63@qq.com,2021-02-26 21:07
ccarleton64,Cecilio Carleton,1979-05-29,ccarleton64@cocolog-nifty.com,2021-02-22 22:10
dposselow65,Drusie Posselow,1978-05-11,dposselow65@comsenz.com,2021-03-07 6:36
ssego66,Sidney Sego,1985-02-21,ssego66@blogtalkradio.com,2021-02-24 5:37
mlean67,Myrna Lean,2000-09-18,mlean67@marketwatch.com,2021-02-18 6:10
dmordy68,Drusy Mordy,1981-12-07,dmordy68@google.it,2021-01-25 18:14
elargen69,Erica Largen,1981-05-22,elargen69@independent.co.uk,2021-03-20 10:59
sklossmann6a,Spence Klossmann,1974-07-16,sklossmann6a@livejournal.com,2021-03-04 16:09
rpaten6b,Rodd Paten,2003-06-03,rpaten6b@quantcast.com,2021-03-03 23:40
kshimuk6c,Kirsten Shimuk,1993-12-04,kshimuk6c@ucsd.edu,2021-02-24 20:16
jsivell6d,Jervis Sivell,1984-09-18,jsivell6d@utexas.edu,2021-02-22 0:08
lmattersey6e,Libbie Mattersey,1999-11-21,lmattersey6e@slashdot.org,2021-03-13 5:08
driseborough6f,Darn Riseborough,1981-06-16,driseborough6f@mayoclinic.com,2021-02-21 15:41
mnickols6g,Merrill Nickols,1986-01-25,mnickols6g@chron.com,2021-03-22 0:19
dormrod6h,Devlin Ormrod,1978-06-21,dormrod6h@tiny.cc,2021-03-19 5:55
adamiral6i,Antonio Damiral,1987-02-02,adamiral6i@cdbaby.com,2021-02-20 14:49
felsworth6j,Filmer Elsworth,2002-02-10,felsworth6j@go.com,2021-02-01 17:02
lpavlik6k,Lorilyn Pavlik,1982-10-27,lpavlik6k@t-online.de,2021-03-07 10:49
pgration6l,Philippine Gration,1995-04-16,pgration6l@soup.io,2021-02-02 0:28
rleckenby6m,Ryan Leckenby,1999-05-28,rleckenby6m@admin.ch,2021-03-13 6:43
kprater6n,Kristin Prater,1989-05-06,kprater6n@pbs.org,2021-02-25 1:42
gcotte6o,Gram Cotte,1986-11-05,gcotte6o@etsy.com,2021-02-13 14:45
ecrosbie6p,Elwin Crosbie,1998-09-03,ecrosbie6p@liveinternet.ru,2021-03-17 23:50
dgrahl6q,Dionis Grahl,1974-10-06,dgrahl6q@harvard.edu,2021-02-08 4:18
ssokale6r,Shauna Sokale,1976-08-11,ssokale6r@tiny.cc,2021-03-18 20:18
icoupar6s,Ida Coupar,1974-10-20,icoupar6s@dedecms.com,2021-03-05 15:55
dlau6t,Danielle Lau,1974-05-09,dlau6t@tinypic.com,2021-02-08 9:50
zlampart6u,Zelig Lampart,1990-12-27,zlampart6u@bravesites.com,2021-03-21 16:07
smanston6v,Sloan Manston,1976-06-24,smanston6v@google.ca,2021-02-12 19:51
jclarage6w,Judon Clarage,1978-01-12,jclarage6w@umn.edu,2021-03-10 21:32
aeberz6x,Andromache Eberz,1973-08-30,aeberz6x@unicef.org,2021-02-22 13:26
eacock6y,Eal Acock,1987-09-07,eacock6y@zimbio.com,2021-02-04 22:14
phedges6z,Patty Hedges,1971-05-31,phedges6z@amazonaws.com,2021-02-16 9:38
bgealy70,Bernhard Gealy,1972-10-16,bgealy70@sun.com,2021-03-18 19:28
pstockhill71,Prince Stockhill,1992-10-16,pstockhill71@amazonaws.com,2021-01-28 20:11
aniblett72,Allianora Niblett,1991-02-24,aniblett72@myspace.com,2021-02-22 12:10
cstallwood73,Clerissa Stallwood,2000-03-02,cstallwood73@last.fm,2021-02-08 9:25
cgoldfinch74,Carlynn Goldfinch,1993-02-27,cgoldfinch74@zimbio.com,2021-02-16 11:48
wenevold75,Wren Enevold,1979-08-22,wenevold75@salon.com,2021-03-11 11:52
fseatter76,Fabien Seatter,1980-04-28,fseatter76@nature.com,2021-02-26 13:33
bchevis77,Beltran Chevis,1995-05-27,bchevis77@java.com,2021-01-28 11:39
deustes78,Dina Eustes,2005-01-22,deustes78@ning.com,2021-02-10 16:04
edickings79,Elisabet Dickings,1982-12-07,edickings79@4shared.com,2021-03-06 14:01
dpadmore7a,Dionis Padmore,1987-02-26,dpadmore7a@auda.org.au,2021-02-10 5:39
fcorneille7b,Faber Corneille,1976-01-25,fcorneille7b@hibu.com,2021-03-16 8:19
kzumbusch7c,Kathrine Zumbusch,1983-04-22,kzumbusch7c@examiner.com,2021-03-08 3:15
msavidge7d,Michel Savidge,1979-07-10,msavidge7d@ebay.com,2021-03-18 2:13
isketcher7e,Isac Sketcher,1982-05-29,isketcher7e@smugmug.com,2021-02-13 13:45
cduckett7f,Cindy Duckett,1994-06-03,cduckett7f@theatlantic.com,2021-01-27 23:26
aillesley7g,Alvera Illesley,1998-03-02,aillesley7g@unesco.org,2021-03-20 2:05
kcreavin7h,Kory Creavin,1974-03-18,kcreavin7h@accuweather.com,2021-03-20 18:09
zwille7i,Zaccaria Wille,1973-09-26,zwille7i@woothemes.com,2021-03-09 20:34
dbroadbridge7j,Delia Broadbridge,1983-11-16,dbroadbridge7j@answers.com,2021-02-27 23:15
wlaing7k,Wendy Laing,1985-06-15,wlaing7k@addtoany.com,2021-02-04 18:56
lbrailsford7l,Lief Brailsford,1993-03-30,lbrailsford7l@cocolog-nifty.com,2021-02-04 14:35
kfarnall7m,Kalindi Farnall,1983-10-15,kfarnall7m@eventbrite.com,2021-03-09 8:08
tjewar7n,Talia Jewar,1990-08-03,tjewar7n@devhub.com,2021-02-03 5:23
ngyrgorcewicx7o,Norrie Gyrgorcewicx,1995-05-06,ngyrgorcewicx7o@storify.com,2021-02-19 11:34
cgebuhr7p,Cecilia Gebuhr,1991-05-16,cgebuhr7p@ocn.ne.jp,2021-02-22 20:26
dkleinberer7q,Daron Kleinberer,1978-04-22,dkleinberer7q@symantec.com,2021-02-28 23:01
cbuxam7r,Consuela Buxam,1983-01-30,cbuxam7r@mac.com,2021-02-20 16:21
kbaselli7s,Krystyna Baselli,1970-08-11,kbaselli7s@fda.gov,2021-02-25 21:39
lprop7t,Lola Prop,1998-09-23,lprop7t@merriam-webster.com,2021-03-22 3:16
mwilcot7u,Melisenda Wilcot,1984-02-07,mwilcot7u@arizona.edu,2021-01-27 19:41
emilligan7v,Emmalynne Milligan,1984-08-18,emilligan7v@shutterfly.com,2021-03-10 10:32
gpetyt7w,Gawain Petyt,1983-10-26,gpetyt7w@freewebs.com,2021-01-28 8:51
hmcgrotty7x,Hinze McGrotty,2002-07-28,hmcgrotty7x@xrea.com,2021-03-03 21:34
dlawrie7y,Diarmid Lawrie,2003-02-26,dlawrie7y@freewebs.com,2021-01-30 16:05
rguntrip7z,Randy Guntrip,2002-05-28,rguntrip7z@digg.com,2021-02-28 19:57
jkubiczek80,Judah Kubiczek,1988-07-16,jkubiczek80@upenn.edu,2021-02-12 13:14
nmac81,Nadine Mac Geaney,1999-06-07,nmac81@google.com,2021-03-18 9:08
wfensome82,Walton Fensome,1970-08-30,wfensome82@soup.io,2021-02-04 1:14
mboni83,Margaretta Boni,1972-06-15,mboni83@de.vu,2021-01-30 1:16
lferrara84,Lenard Ferrara,1999-10-04,lferrara84@wordpress.com,2021-01-25 1:08
msheward85,Marcy Sheward,1997-01-03,msheward85@bravesites.com,2021-02-28 0:07
tdemicoli86,Tomas Demicoli,1977-11-22,tdemicoli86@ihg.com,2021-02-05 3:29
spigne87,Sherry Pigne,2001-10-06,spigne87@statcounter.com,2021-02-08 23:26
bvize88,Bronnie Vize,1988-12-24,bvize88@sina.com.cn,2021-03-02 21:24
hbayless89,Hilly Bayless,1997-07-22,hbayless89@nba.com,2021-02-25 12:24
bhuie8a,Benyamin Huie,1990-02-05,bhuie8a@disqus.com,2021-02-23 16:39
jutridge8b,Justina Utridge,1994-04-14,jutridge8b@netscape.com,2021-03-10 12:53
kkirkpatrick8c,Kile Kirkpatrick,1970-08-08,kkirkpatrick8c@addtoany.com,2021-03-20 9:55
jbrotherhead8d,Juli Brotherhead,1989-05-19,jbrotherhead8d@bbb.org,2021-03-12 21:58
smanicom8e,Sigismund Manicom,1972-08-13,smanicom8e@npr.org,2021-02-24 13:05
ssherman8f,Sawyer Sherman,1987-08-22,ssherman8f@salon.com,2021-03-20 17:20
wblackey8g,Westbrook Blackey,1979-11-26,wblackey8g@google.com.au,2021-01-26 8:23
rtrays8h,Robers Trays,1971-06-02,rtrays8h@state.gov,2021-03-07 8:06
hpovey8i,Hubie Povey,1983-05-26,hpovey8i@google.ca,2021-02-14 3:36
ncambell8j,Nealson Cambell,1970-10-27,ncambell8j@sitemeter.com,2021-02-05 6:22
konians8k,Klaus Onians,1978-09-16,konians8k@ucsd.edu,2021-02-03 1:56
jbradden8l,Jorgan Bradden,1988-08-02,jbradden8l@umn.edu,2021-02-22 15:14
cwymer8m,Carrissa Wymer,1994-07-18,cwymer8m@oracle.com,2021-03-02 20:14
rdarlasson8n,Redford Darlasson,1983-09-21,rdarlasson8n@virginia.edu,2021-03-18 19:28
ctinwell8o,Coral Tinwell,1987-07-29,ctinwell8o@google.ru,2021-03-07 8:15
cbandey8p,Consuelo Bandey,1970-06-29,cbandey8p@thetimes.co.uk,2021-02-24 23:56
lwoollacott8q,Locke Woollacott,1986-07-20,lwoollacott8q@unblog.fr,2021-02-03 12:49
mremer8r,Mickie Remer,1986-01-18,mremer8r@gravatar.com,2021-03-02 12:35
wokane8s,Winny O'Kane,1992-11-12,wokane8s@shop-pro.jp,2021-02-27 5:06
vflintiff8t,Verile Flintiff,1979-02-11,vflintiff8t@51.la,2021-03-14 4:32
btremayle8u,Brier Tremayle,1996-09-18,btremayle8u@google.com.au,2021-02-03 12:32
sdugdale8v,Shoshana Dugdale,1994-12-22,sdugdale8v@dedecms.com,2021-03-10 5:49
pwaterstone8w,Pacorro Waterstone,1984-09-01,pwaterstone8w@nih.gov,2021-02-18 15:17
ndella8x,Ned Della,1994-08-29,ndella8x@un.org,2021-03-12 10:32
dharraway8y,Dudley Harraway,1981-08-28,dharraway8y@netvibes.com,2021-02-07 11:55
rteodoro8z,Ravi Teodoro,1987-05-18,rteodoro8z@imdb.com,2021-03-07 18:36
lpoel90,Larina Poel,2000-05-19,lpoel90@discuz.net,2021-03-02 3:27
sjannings91,Shirl Jannings,1991-10-02,sjannings91@pcworld.com,2021-03-09 22:05
lorehead92,Leodora Orehead,1989-06-09,lorehead92@histats.com,2021-03-17 7:30
iemms93,Ingelbert Emms,2005-01-19,iemms93@ted.com,2021-01-24 18:13
ihaigh94,Ike Haigh,1976-09-02,ihaigh94@mail.ru,2021-02-27 17:14
lbullen95,Lane Bullen,1995-04-29,lbullen95@studiopress.com,2021-03-10 2:12
rbeech96,Ram Beech,1982-02-20,rbeech96@state.gov,2021-03-03 17:20
rendicott97,Rey Endicott,1983-08-03,rendicott97@usnews.com,2021-01-24 4:43
dkarpushkin98,Daniela Karpushkin,1986-05-04,dkarpushkin98@oaic.gov.au,2021-01-27 20:35
rfluin99,Raffaello Fluin,1977-09-29,rfluin99@admin.ch,2021-03-20 9:08
csuccamore9a,Charyl Succamore,1978-02-09,csuccamore9a@soup.io,2021-02-22 4:39
cbuche9b,Cookie Buche,1993-05-12,cbuche9b@yahoo.com,2021-01-24 0:59
mbottini9c,Madonna Bottini,1981-07-22,mbottini9c@walmart.com,2021-02-28 11:29
agosland9d,Abigail Gosland,1999-11-10,agosland9d@cbslocal.com,2021-02-19 1:45
mblenkhorn9e,Michelle Blenkhorn,1997-07-22,mblenkhorn9e@i2i.jp,2021-03-16 20:32
eyggo9f,Eydie Yggo,2002-04-05,eyggo9f@bravesites.com,2021-03-04 15:43
dmcgourty9g,Doreen McGourty,1981-05-31,dmcgourty9g@marriott.com,2021-03-12 13:38
tchasmor9h,Tonnie Chasmor,1975-05-15,tchasmor9h@google.cn,2021-03-22 3:59
wpendlebury9i,Wolfgang Pendlebury,1975-09-19,wpendlebury9i@sogou.com,2021-03-08 1:51
phablet9j,Peder Hablet,2004-04-14,phablet9j@scribd.com,2021-03-21 4:51
bgebhard9k,Blondelle Gebhard,2002-10-03,bgebhard9k@nifty.com,2021-02-22 2:15
iwittke9l,Ilaire Wittke,2001-10-29,iwittke9l@unblog.fr,2021-01-29 6:09
slandall9m,Sloan Landall,1999-09-07,slandall9m@51.la,2021-02-26 3:42
bcashen9n,Blanca Cashen,1994-10-09,bcashen9n@mashable.com,2021-02-21 20:14
ecloughton9o,Eadmund Cloughton,1972-02-02,ecloughton9o@comcast.net,2021-02-24 3:39
ngatman9p,Nataniel Gatman,1975-12-15,ngatman9p@census.gov,2021-02-14 1:44
djose9q,Dmitri Jose,2003-09-25,djose9q@cpanel.net,2021-03-07 6:06
hfairman9r,Humbert Fairman,2000-05-28,hfairman9r@xing.com,2021-01-30 14:11
aweight9s,Abigael Weight,1985-09-06,aweight9s@google.co.uk,2021-01-26 15:28
ecoley9t,Ernestine Coley,1972-08-03,ecoley9t@wisc.edu,2021-01-24 7:48
rherculeson9u,Rois Herculeson,2002-05-06,rherculeson9u@hao123.com,2021-03-06 11:37
ccattemull9v,Charley Cattemull,1972-01-14,ccattemull9v@wunderground.com,2021-02-10 20:34
mochiltree9w,Marchall Ochiltree,1997-10-27,mochiltree9w@guardian.co.uk,2021-03-21 18:22
dwike9x,Danni Wike,1986-07-18,dwike9x@list-manage.com,2021-02-09 10:44
rsirkett9y,Rudd Sirkett,1979-02-01,rsirkett9y@reverbnation.com,2021-02-06 18:23
dde9z,Dyann De Moreno,1999-10-03,dde9z@reverbnation.com,2021-02-20 16:31
lwilloughwaya0,Louisa Willoughway,1996-02-10,lwilloughwaya0@nba.com,2021-02-15 22:54
tmcgloughlina1,Tabitha McGloughlin,1983-03-21,tmcgloughlina1@apple.com,2021-02-02 8:52
rgawkesa2,Romola Gawkes,1974-11-11,rgawkesa2@altervista.org,2021-01-31 20:58
rmegarrella3,Rodger Megarrell,1974-12-11,rmegarrella3@freewebs.com,2021-02-09 15:17
pleamana4,Phyllys Leaman,2004-11-20,pleamana4@webnode.com,2021-02-16 7:06
tbudda5,Terese Budd,1995-05-17,tbudda5@about.me,2021-03-09 6:05
onijssena6,Olva Nijssen,1984-12-23,onijssena6@cam.ac.uk,2021-02-26 18:08
akillnera7,Arnaldo Killner,1989-03-12,akillnera7@gnu.org,2021-02-04 18:27
bgoodiera8,Brietta Goodier,1975-04-25,bgoodiera8@themeforest.net,2021-02-14 19:03
adenyakina9,Aubrette Denyakin,1975-12-30,adenyakina9@mashable.com,2021-03-10 23:05
itomsuaa,Ichabod Tomsu,1977-10-08,itomsuaa@apache.org,2021-02-02 17:24
pmeininkingab,Pennie Meininking,1981-10-23,pmeininkingab@linkedin.com,2021-03-05 19:08
cvallerac,Camey Valler,2000-10-29,cvallerac@wikipedia.org,2021-02-01 10:32
ngedgead,Nikola Gedge,1993-05-21,ngedgead@squidoo.com,2021-01-27 18:41
rgurneeae,Roderick Gurnee,1973-10-04,rgurneeae@behance.net,2021-02-16 20:36
fgilliganaf,Ferrel Gilligan,2001-09-12,fgilliganaf@huffingtonpost.com,2021-03-17 6:18
hducarneag,Hermina Ducarne,1991-12-21,hducarneag@cloudflare.com,2021-03-20 6:48
mpennickah,Merry Pennick,2003-11-14,mpennickah@nbcnews.com,2021-02-01 10:39
mbackshillai,Marve Backshill,1971-12-12,mbackshillai@wufoo.com,2021-02-06 12:35
oipsgraveaj,Osbert Ipsgrave,1992-04-07,oipsgraveaj@mediafire.com,2021-02-15 20:35
ncarrodusak,Neall Carrodus,1976-08-14,ncarrodusak@upenn.edu,2021-03-17 14:46
bklasingal,Bail Klasing,1986-03-21,bklasingal@epa.gov,2021-03-05 14:47
jtillingam,Jocko Tilling,1970-11-03,jtillingam@twitpic.com,2021-01-31 13:36
pcopozioan,Pierette Copozio,1972-05-11,pcopozioan@hibu.com,2021-02-15 5:15
sduligallao,Sandra Duligall,1990-07-03,sduligallao@mozilla.com,2021-03-06 21:32
lpaffap,Ludovika Paff,2002-12-23,lpaffap@networkadvertising.org,2021-02-19 5:53
wridehalghaq,Wallache Ridehalgh,1972-02-29,wridehalghaq@washington.edu,2021-03-14 10:57
bmenaultar,Bren Menault,1988-08-24,bmenaultar@usatoday.com,2021-02-19 9:20
adiggeras,Aristotle Digger,1989-12-24,adiggeras@va.gov,2021-02-20 19:38
lsonat,Leone Son,2001-01-20,lsonat@tinyurl.com,2021-02-09 17:24
mwingeattau,Milly Wingeatt,1985-11-24,mwingeattau@utexas.edu,2021-03-17 11:41
apitoneav,Abeu Pitone,1997-07-24,apitoneav@phoca.cz,2021-03-02 12:53
gsimeonsaw,Guthrie Simeons,2003-06-04,gsimeonsaw@shop-pro.jp,2021-03-20 0:08
fedinboroughax,Fanni Edinborough,1981-10-21,fedinboroughax@twitter.com,2021-02-10 8:16
tdurnillay,Talya Durnill,1994-12-20,tdurnillay@wunderground.com,2021-02-07 20:53
bwellbeloveaz,Brittne Wellbelove,1971-03-28,bwellbeloveaz@ft.com,2021-01-24 20:19
ghebbleb0,Glen Hebble,1980-10-15,ghebbleb0@hibu.com,2021-02-25 2:11
rbushenb1,Rivalee Bushen,2003-07-11,rbushenb1@slideshare.net,2021-02-28 19:51
pburgwinb2,Pedro Burgwin,1975-11-27,pburgwinb2@miibeian.gov.cn,2021-02-06 12:12
bbenesevichb3,Brew Benesevich,2000-07-05,bbenesevichb3@furl.net,2021-02-10 21:12
wtwigleyb4,Waldon Twigley,1977-01-06,wtwigleyb4@plala.or.jp,2021-02-06 22:26
pabelesb5,Pacorro Abeles,1992-05-14,pabelesb5@vistaprint.com,2021-02-20 3:43
ccallawayb6,Cassi Callaway,1982-05-20,ccallawayb6@statcounter.com,2021-03-04 2:13
kterryb7,Katinka Terry,1990-08-23,kterryb7@istockphoto.com,2021-03-14 23:17
lrawoodb8,Loraine Rawood,1976-10-08,lrawoodb8@about.com,2021-02-14 14:21
kcarlisleb9,Karina Carlisle,1997-04-19,kcarlisleb9@oaic.gov.au,2021-03-11 1:08
gfalcusba,Gui Falcus,1978-07-20,gfalcusba@smh.com.au,2021-03-19 1:59
bsprowlebb,Bunnie Sprowle,1987-03-25,bsprowlebb@cpanel.net,2021-03-08 20:32
smorricebc,Sasha Morrice,1994-09-21,smorricebc@icq.com,2021-03-19 21:36
gnorthwoodbd,Gene Northwood,1990-08-24,gnorthwoodbd@alexa.com,2021-02-01 11:23
abrydellbe,Adel Brydell,1977-08-20,abrydellbe@census.gov,2021-01-27 13:29
ebiddlestonebf,Evin Biddlestone,1970-04-28,ebiddlestonebf@reuters.com,2021-02-15 10:08
shounshambg,Sebastiano Hounsham,1996-12-17,shounshambg@jimdo.com,2021-02-12 9:05
mcousenbh,Maynord Cousen,1998-05-20,mcousenbh@bing.com,2021-02-18 4:13
cwelmanbi,Cyril Welman,1971-12-10,cwelmanbi@zdnet.com,2021-01-30 12:06
kwellbelovedbj,Kingsley Wellbeloved,1971-11-03,kwellbelovedbj@squarespace.com,2021-02-01 8:38
bwittierbk,Bernelle Wittier,1987-03-09,bwittierbk@networksolutions.com,2021-02-26 5:40
avatcherbl,Ade Vatcher,1976-02-26,avatcherbl@reuters.com,2021-02-26 10:02
hollertonbm,Hobard Ollerton,1971-09-18,hollertonbm@state.tx.us,2021-03-20 15:37
ssaffenbn,Shellie Saffen,1978-07-10,ssaffenbn@last.fm,2021-02-25 13:08
tcaslanebo,Thorstein Caslane,2002-07-14,tcaslanebo@ow.ly,2021-02-26 14:14
ghaytonbp,Galvin Hayton,1979-03-12,ghaytonbp@plala.or.jp,2021-01-28 18:34
achiplenbq,Ada Chiplen,1999-09-10,achiplenbq@disqus.com,2021-02-26 15:16
agarmanbr,Amitie Garman,2001-05-13,agarmanbr@blog.com,2021-02-23 15:30
dhazlehurstbs,Del Hazlehurst,2001-05-29,dhazlehurstbs@weibo.com,2021-01-31 6:51
ipluvierbt,Ignazio Pluvier,1975-05-29,ipluvierbt@dmoz.org,2021-02-09 19:57
ahinckesbu,Adolphe Hinckes,1992-06-12,ahinckesbu@oakley.com,2021-02-14 11:57
wnorgatebv,Wyn Norgate,2004-09-28,wnorgatebv@yandex.ru,2021-03-11 7:14
halldrebw,Heall Alldre,1980-10-19,halldrebw@facebook.com,2021-02-08 0:11
pspellerbx,Pincas Speller,1999-01-15,pspellerbx@jiathis.com,2021-02-01 18:14
idavidescoby,Irwinn Davidesco,1996-09-13,idavidescoby@wordpress.org,2021-02-07 11:08
ecoventrybz,Emylee Coventry,1998-10-03,ecoventrybz@phpbb.com,2021-02-23 1:30
eclaragec0,Eimile Clarage,1977-07-23,eclaragec0@google.it,2021-02-05 11:32
narneckec1,Niall Arnecke,1983-04-17,narneckec1@samsung.com,2021-03-08 10:01
dwagnerinc2,Deena Wagnerin,2001-10-13,dwagnerinc2@msu.edu,2021-01-29 23:37
wrenyardc3,Ward Renyard,1988-11-01,wrenyardc3@edublogs.org,2021-01-27 16:29
nreveningc4,Nonie Revening,1972-10-02,nreveningc4@eepurl.com,2021-01-31 12:04
rpinnerc5,Rickie Pinner,1984-07-26,rpinnerc5@hostgator.com,2021-03-18 1:44
amcrinnc6,Aime McRinn,1975-06-30,amcrinnc6@weather.com,2021-02-22 22:05
llinggardc7,Lexis Linggard,1972-05-03,llinggardc7@cam.ac.uk,2021-01-31 17:30
hjacklingc8,Herman Jackling,1972-04-20,hjacklingc8@arstechnica.com,2021-02-16 13:15
lmyfordc9,Lem Myford,1971-09-29,lmyfordc9@dyndns.org,2021-02-09 1:23
whrihorovichca,Wally Hrihorovich,1990-09-21,whrihorovichca@last.fm,2021-02-20 21:42
garchbellcb,Godiva Archbell,1990-06-26,garchbellcb@ihg.com,2021-03-18 0:58
kcooringtoncc,Kristen Coorington,1994-08-30,kcooringtoncc@loc.gov,2021-02-19 19:25
adouchcd,Artie Douch,2004-12-29,adouchcd@engadget.com,2021-02-23 1:00
bhazletonce,Bunny Hazleton,1976-01-25,bhazletonce@cafepress.com,2021-02-13 17:36
kmeelandcf,Kali Meeland,1980-03-29,kmeelandcf@home.pl,2021-02-07 0:25
bchrippescg,Barbabas Chrippes,1997-07-30,bchrippescg@ihg.com,2021-02-02 18:56
achristiensench,Ab Christiensen,1980-08-03,achristiensench@netscape.com,2021-03-06 10:22
gmewhaci,Gretna Mewha,1979-12-15,gmewhaci@parallels.com,2021-02-25 6:46
jtrundlercj,Jaynell Trundler,1989-09-05,jtrundlercj@about.me,2021-02-24 2:02
fpohlakck,Fairleigh Pohlak,1991-07-13,fpohlakck@clickbank.net,2021-02-28 10:41
gcharoncl,Gary Charon,1997-05-22,gcharoncl@toplist.cz,2021-03-13 15:37
ccaldecottcm,Cyndi Caldecott,2002-12-08,ccaldecottcm@miibeian.gov.cn,2021-01-30 21:55
sgludorcn,Stacey Gludor,1984-10-25,sgludorcn@multiply.com,2021-01-25 11:11
vkingcoteco,Vincent Kingcote,1980-02-03,vkingcoteco@toplist.cz,2021-02-11 16:43
smacadamcp,Sigismond MacAdam,1974-04-21,smacadamcp@facebook.com,2021-03-17 16:15
shabletcq,Samson Hablet,1991-01-25,shabletcq@wikispaces.com,2021-03-03 22:24
mgoodfellowcr,Marjorie Goodfellow,2003-09-23,mgoodfellowcr@yellowbook.com,2021-03-14 15:12
nmcauleycs,Natty McAuley,2001-04-30,nmcauleycs@naver.com,2021-03-04 3:12
akeetingct,Alexandros Keeting,1989-04-02,akeetingct@go.com,2021-03-15 7:55
gveschicu,Gerrie Veschi,1987-02-02,gveschicu@scribd.com,2021-02-28 2:01
ccamplejohncv,Curt Camplejohn,2003-05-25,ccamplejohncv@1688.com,2021-02-06 23:43
dwolfendalecw,Dode Wolfendale,1994-05-22,dwolfendalecw@ucoz.ru,2021-03-04 2:47
afiddymentcx,Adina Fiddyment,1978-02-19,afiddymentcx@about.me,2021-02-20 17:24
ddichecy,Dinah Diche,1982-05-12,ddichecy@wikispaces.com,2021-03-13 23:45
gsoftleycz,Gussie Softley,1973-09-30,gsoftleycz@gizmodo.com,2021-02-19 9:17
aorrahd0,Artemus Orrah,1997-10-22,aorrahd0@apple.com,2021-03-17 0:36
packhurstd1,Polly Ackhurst,1991-04-16,packhurstd1@fda.gov,2021-02-08 3:14
gkirvind2,Grete Kirvin,1991-10-17,gkirvind2@foxnews.com,2021-02-27 9:03
kbankesd3,Kerby Bankes,1980-04-09,kbankesd3@blinklist.com,2021-03-14 2:11
lcolleckd4,Launce Colleck,1990-07-15,lcolleckd4@dailymail.co.uk,2021-03-18 22:52
pvaughnd5,Phil Vaughn,1972-02-26,pvaughnd5@e-recht24.de,2021-02-08 16:42
aculpd6,Ailee Culp,1991-09-02,aculpd6@si.edu,2021-02-25 0:12
rmayod7,Reagan Mayo,1986-01-31,rmayod7@themeforest.net,2021-03-13 9:23
mlavenderd8,Marilin Lavender,2003-03-14,mlavenderd8@fc2.com,2021-03-09 17:53
egalerod9,Ernst Galero,1975-04-02,egalerod9@opensource.org,2021-03-05 17:34
wwiddowsonda,Winthrop Widdowson,1976-01-27,wwiddowsonda@freewebs.com,2021-03-09 15:07
hleningdb,Hort Lening,1982-08-21,hleningdb@mapquest.com,2021-02-09 16:30
kchiddydc,Karleen Chiddy,1977-05-12,kchiddydc@scribd.com,2021-02-23 5:06
hdrennandd,Hedy Drennan,2004-02-29,hdrennandd@furl.net,2021-02-21 9:37
bpoyntzde,Bertine Poyntz,1987-10-27,bpoyntzde@cnn.com,2021-03-06 13:52
kharrowdf,Katey Harrow,1988-12-01,kharrowdf@wordpress.com,2021-02-10 16:04
lbownedg,Lorelle Bowne,2001-08-11,lbownedg@columbia.edu,2021-03-21 17:31
jkeighleydh,Jeannette Keighley,1978-04-08,jkeighleydh@goo.ne.jp,2021-03-10 3:31
vdarkinsdi,Viviana Darkins,2003-07-02,vdarkinsdi@addthis.com,2021-02-28 1:25
jmonkleighdj,Janot Monkleigh,1982-04-30,jmonkleighdj@redcross.org,2021-03-19 15:54
gablittdk,Giordano Ablitt,2002-06-09,gablittdk@eepurl.com,2021-02-19 11:22
sroffedl,Salome Roffe,2000-04-29,sroffedl@usa.gov,2021-01-28 22:06
wstaffdm,Wilhelmine Staff,1973-03-08,wstaffdm@altervista.org,2021-03-21 18:52
wmichelidn,Winfred Micheli,1975-12-12,wmichelidn@hatena.ne.jp,2021-02-25 9:12
mvenningdo,Mildrid Venning,1990-11-15,mvenningdo@e-recht24.de,2021-02-14 8:57
sjephcotedp,Sunny Jephcote,1972-10-29,sjephcotedp@amazon.com,2021-03-14 11:36
ogaukrogerdq,Obadiah Gaukroger,1977-03-18,ogaukrogerdq@youku.com,2021-01-27 14:11
sworsalldr,Selina Worsall,1977-06-23,sworsalldr@g.co,2021-02-10 12:14
lmcmanamands,Loraine Mcmanaman,1970-10-08,lmcmanamands@histats.com,2021-02-20 1:47
eluisettidt,Eugen Luisetti,1994-11-19,eluisettidt@com.com,2021-01-23 14:50
bwratedu,Branden Wrate,2000-01-02,bwratedu@e-recht24.de,2021-02-14 5:33
aprayerdv,Anni Prayer,1992-11-19,aprayerdv@newyorker.com,2021-02-13 6:16
abarthropdw,Anastassia Barthrop,1988-07-19,abarthropdw@posterous.com,2021-03-02 2:16
jcorderodx,Jennilee Cordero,1999-02-18,jcorderodx@digg.com,2021-02-06 10:42
amacpeicedy,Anna MacPeice,1996-11-04,amacpeicedy@sbwire.com,2021-02-12 0:08
brucklidgedz,Bendix Rucklidge,2002-10-05,brucklidgedz@hp.com,2021-01-29 0:43
kdulintye0,Kylila Dulinty,1990-12-17,kdulintye0@apple.com,2021-02-07 1:31
echoulertone1,Emelyne Choulerton,1983-10-21,echoulertone1@indiegogo.com,2021-02-03 3:09
gmiddupe2,Gage Middup,1982-05-01,gmiddupe2@admin.ch,2021-03-19 23:53
ogoodgee3,Ozzy Goodge,1988-04-02,ogoodgee3@163.com,2021-03-14 5:33
nkennicotte4,Nikoletta Kennicott,1977-10-17,nkennicotte4@oaic.gov.au,2021-01-27 9:47
rchatele5,Reade Chatel,1995-10-29,rchatele5@rambler.ru,2021-02-13 7:23
mbaystone6,Melisa Bayston,1979-12-31,mbaystone6@dailymail.co.uk,2021-02-13 10:00
dtabernere7,Dorelle Taberner,1974-04-10,dtabernere7@reddit.com,2021-01-26 10:39
mbroadstocke8,Montague Broadstock,1995-01-22,mbroadstocke8@wikimedia.org,2021-03-04 3:14
kalvaroe9,Kristan Alvaro,1997-08-17,kalvaroe9@blog.com,2021-03-11 6:54
kjouanetonea,Kayley Jouaneton,1985-11-08,kjouanetonea@blogger.com,2021-01-25 22:58
cgreensitteb,Camile Greensitt,1978-06-24,cgreensitteb@samsung.com,2021-01-29 1:32
bsiemantelec,Bethanne Siemantel,1983-02-19,bsiemantelec@zdnet.com,2021-01-30 8:01
kfaytered,Katee Fayter,1981-03-14,kfaytered@wordpress.org,2021-01-26 19:00
aatheyee,Ailsun Athey,1996-03-11,aatheyee@reverbnation.com,2021-03-18 8:27
bgauleef,Bee Gaule,1989-05-28,bgauleef@biblegateway.com,2021-02-15 11:34
lrathmelleg,Luther Rathmell,1981-12-12,lrathmelleg@prnewswire.com,2021-01-24 0:46
lkilbrideeh,Lona Kilbride,1991-06-22,lkilbrideeh@unesco.org,2021-02-19 9:00
kperesei,Karyn Peres,1980-09-21,kperesei@blogger.com,2021-03-02 19:37
gplimmerej,Gal Plimmer,1973-08-13,gplimmerej@tamu.edu,2021-01-23 23:22
kcorbouldek,Kinsley Corbould,1971-11-07,kcorbouldek@nature.com,2021-02-18 10:23
jvignauxel,Juliane Vignaux,1987-10-29,jvignauxel@odnoklassniki.ru,2021-01-29 19:25
jcaskieem,Jervis Caskie,1978-05-05,jcaskieem@infoseek.co.jp,2021-03-06 17:55
thorryen,Tabbatha Horry,1986-09-26,thorryen@meetup.com,2021-02-07 16:54
rmccabeeo,Ripley McCabe,1994-09-29,rmccabeeo@businessinsider.com,2021-03-07 1:38
lmoxsomep,Leif Moxsom,1982-07-25,lmoxsomep@opera.com,2021-01-28 2:13
wkelceyeq,Wynny Kelcey,1976-09-14,wkelceyeq@flickr.com,2021-01-26 10:18
rhegeler,Ruthanne Hegel,1977-08-03,rhegeler@xrea.com,2021-02-04 0:49
aslattenes,Aurelia Slatten,1987-08-30,aslattenes@princeton.edu,2021-02-27 23:33
cshavelet,Celinka Shavel,1999-11-30,cshavelet@lulu.com,2021-02-05 1:46
amoggeu,Archibaldo Mogg,2003-08-15,amoggeu@ucoz.com,2021-02-04 3:10
rtuisonev,Rora Tuison,1976-04-29,rtuisonev@hubpages.com,2021-03-06 8:12
sarnellew,Shirleen Arnell,1987-02-21,sarnellew@weebly.com,2021-03-13 15:10
hdowex,Hesther Dow,1974-02-11,hdowex@google.com.hk,2021-03-11 0:41
tstillingey,Thoma Stilling,1999-11-25,tstillingey@ehow.com,2021-02-12 23:24
cvamplusez,Clarisse Vamplus,1992-11-06,cvamplusez@biblegateway.com,2021-03-02 12:30
fkemmf0,Freemon Kemm,1983-05-13,fkemmf0@blogger.com,2021-01-25 17:44
crembrandtf1,Cyril Rembrandt,1985-04-07,crembrandtf1@over-blog.com,2021-03-05 13:47
jsaraf2,Jourdain Sara,1991-10-02,jsaraf2@sciencedirect.com,2021-03-13 5:04
smattityahouf3,Sheppard Mattityahou,1986-12-07,smattityahouf3@mac.com,2021-02-12 17:16
lcovenyf4,Letti Coveny,1991-05-24,lcovenyf4@dion.ne.jp,2021-02-20 10:37
jdigancef5,Julieta Digance,1980-09-11,jdigancef5@microsoft.com,2021-02-02 21:43
mbortolozzif6,Magdalen Bortolozzi,1990-07-30,mbortolozzif6@nbcnews.com,2021-02-01 2:16
ghandrekf7,Graeme Handrek,1992-10-04,ghandrekf7@nyu.edu,2021-02-03 10:38
obraimef8,Ondrea Braime,1985-10-09,obraimef8@gravatar.com,2021-02-23 20:30
jbalmadierf9,Jakob Balmadier,1974-05-21,jbalmadierf9@ca.gov,2021-02-09 4:12
jgrettonfa,Jo Gretton,1993-09-20,jgrettonfa@wp.com,2021-02-12 19:49
brheaumefb,Brigida Rheaume,2002-08-03,brheaumefb@qq.com,2021-02-17 5:29
tscamalfc,Tymon Scamal,1979-01-05,tscamalfc@hud.gov,2021-03-13 23:00
isibthorpefd,Ina Sibthorpe,1994-12-04,isibthorpefd@fda.gov,2021-02-14 22:26
fkarolyife,Fredericka Karolyi,1986-09-25,fkarolyife@deliciousdays.com,2021-02-27 9:29
chandrahanff,Claribel Handrahan,2001-09-14,chandrahanff@ifeng.com,2021-02-24 15:15
nbiffinfg,Noby Biffin,1990-04-29,nbiffinfg@123-reg.co.uk,2021-03-12 0:27
kgrashafh,Kingsley Grasha,2000-05-13,kgrashafh@pen.io,2021-02-15 20:41
fwittsfi,Faith Witts,2004-03-19,fwittsfi@webeden.co.uk,2021-03-08 15:09
vhinkenfj,Victoria Hinken,1996-08-16,vhinkenfj@com.com,2021-02-28 10:18
nshoweringfk,Nikki Showering,1982-09-18,nshoweringfk@4shared.com,2021-03-12 6:43
fmercikfl,Fabe Mercik,1997-05-12,fmercikfl@photobucket.com,2021-01-31 11:45
dwesselfm,Duffie Wessel,1971-07-06,dwesselfm@blogs.com,2021-02-21 14:43
amaskillfn,Agustin Maskill,1982-05-19,amaskillfn@guardian.co.uk,2021-02-27 8:39
smclesefo,Somerset McLese,1978-01-28,smclesefo@example.com,2021-01-25 15:21
rmackellerfp,Roze MacKeller,2001-09-03,rmackellerfp@jalbum.net,2021-02-26 23:31
cspellardfq,Corena Spellard,1985-05-31,cspellardfq@a8.net,2021-03-22 19:59
jdalessiofr,Jodie D'Alessio,1996-07-25,jdalessiofr@blogs.com,2021-01-30 21:07
gpenningfs,Ginny Penning,1986-09-23,gpenningfs@nps.gov,2021-03-08 3:49
swaterhowseft,Simmonds Waterhowse,1979-11-03,swaterhowseft@google.es,2021-02-22 11:35
athrippfu,Ashley Thripp,1985-03-07,athrippfu@biglobe.ne.jp,2021-02-21 8:15
gferrolifv,Gwenora Ferroli,1995-07-04,gferrolifv@pcworld.com,2021-02-14 1:22
cpestellfw,Chaim Pestell,1999-07-14,cpestellfw@shareasale.com,2021-03-13 19:38
mhealksfx,Mireille Healks,1988-11-07,mhealksfx@cnn.com,2021-02-21 23:15
ladshadfy,Lowe Adshad,1992-05-04,ladshadfy@addthis.com,2021-03-03 4:48
ltooveyfz,Leland Toovey,1987-07-23,ltooveyfz@quantcast.com,2021-02-06 10:59
ecasling0,Edmon Caslin,2002-02-12,ecasling0@netscape.com,2021-02-22 8:45
gdaviog1,Gill Davio,1971-11-24,gdaviog1@statcounter.com,2021-02-18 18:14
stookeg2,Siegfried Tooke,1987-02-12,stookeg2@yelp.com,2021-03-19 22:26
rspillaneg3,Renata Spillane,1996-12-28,rspillaneg3@example.com,2021-02-14 18:33
posculleyg4,Pietra O'Sculley,2003-10-17,posculleyg4@sina.com.cn,2021-03-07 3:37
nkirknessg5,Nata Kirkness,1978-06-12,nkirknessg5@pagesperso-orange.fr,2021-03-14 5:22
aveartg6,Aloysius Veart,2001-11-28,aveartg6@independent.co.uk,2021-02-01 18:47
dmogeyg7,Dede Mogey,1993-07-17,dmogeyg7@ca.gov,2021-02-18 2:50
iwogdeng8,Ivan Wogden,1988-06-10,iwogdeng8@examiner.com,2021-01-27 12:28
cparamorg9,Cheryl Paramor,1999-08-15,cparamorg9@sogou.com,2021-03-08 22:40
mquarlessga,Mayne Quarless,2003-07-25,mquarlessga@flavors.me,2021-03-13 15:12
agoldsbroughgb,Arabele Goldsbrough,1993-06-30,agoldsbroughgb@harvard.edu,2021-02-08 11:02
elaxsongc,Eldon Laxson,2001-08-28,elaxsongc@deviantart.com,2021-01-29 10:32
gritchmangd,Godiva Ritchman,1997-11-05,gritchmangd@wikia.com,2021-01-26 16:08
eherculsonge,Ernest Herculson,1992-08-22,eherculsonge@google.es,2021-02-03 15:24
rbugdallgf,Ruthi Bugdall,2001-08-17,rbugdallgf@lycos.com,2021-02-03 22:56
tgandertongg,Tracee Ganderton,1975-11-26,tgandertongg@ebay.co.uk,2021-02-10 20:15
bbrunskillgh,Brynna Brunskill,2003-05-12,bbrunskillgh@etsy.com,2021-02-11 23:39
rmckeowngi,Reinaldos McKeown,2000-02-21,rmckeowngi@dion.ne.jp,2021-03-15 5:56
cgiffkinsgj,Carling Giffkins,2002-12-05,cgiffkinsgj@mozilla.org,2021-02-19 19:19
mpartongk,Moss Parton,1984-08-24,mpartongk@mashable.com,2021-02-08 22:05
lnibleygl,Lethia Nibley,2000-05-20,lnibleygl@twitpic.com,2021-03-10 3:09
lbolergm,Liza Boler,1994-12-30,lbolergm@hexun.com,2021-03-11 10:16
emeiklemgn,Elmo Meiklem,1987-02-07,emeiklemgn@ehow.com,2021-02-04 13:38
cizakovitzgo,Colene Izakovitz,1996-06-13,cizakovitzgo@woothemes.com,2021-03-03 16:40
bkovacsgp,Berkly Kovacs,1986-06-28,bkovacsgp@baidu.com,2021-02-26 6:20
bbortolettigq,Bernetta Bortoletti,1998-04-01,bbortolettigq@lulu.com,2021-02-11 13:09
odautrygr,Orlan Dautry,1973-07-13,odautrygr@tmall.com,2021-03-03 16:15
pstiggergs,Pia Stigger,1979-07-17,pstiggergs@bravesites.com,2021-03-13 18:26
frulergt,Falkner Ruler,1984-01-12,frulergt@dmoz.org,2021-02-16 0:55
rfrippgu,Reynolds Fripp,1989-07-24,rfrippgu@geocities.jp,2021-03-04 22:10
sdonnettgv,Sunshine Donnett,1988-09-13,sdonnettgv@i2i.jp,2021-02-18 9:58
omarslandgw,Orin Marsland,1992-10-28,omarslandgw@delicious.com,2021-02-19 4:15
slodinggx,Sharon Loding,2001-07-10,slodinggx@mlb.com,2021-02-20 6:04
wstiellgy,Willamina Stiell,1981-06-13,wstiellgy@mac.com,2021-02-09 15:35
mpantlingz,Magdalene Pantlin,1987-08-20,mpantlingz@loc.gov,2021-01-31 11:46
aoelsh0,Alfie Oels,1986-08-24,aoelsh0@netvibes.com,2021-02-09 14:54
bcockarillh1,Braden Cockarill,1970-10-29,bcockarillh1@myspace.com,2021-03-05 18:54
gmeddemmenh2,Grover Meddemmen,1982-12-18,gmeddemmenh2@army.mil,2021-03-20 13:26
elowensohnh3,Elli Lowensohn,1974-11-21,elowensohnh3@go.com,2021-02-07 19:29
zhardenh4,Zena Harden,2005-02-15,zhardenh4@netscape.com,2021-03-12 19:24
dpetyakovh5,Darb Petyakov,1975-05-31,dpetyakovh5@tiny.cc,2021-03-09 17:52
ndransfieldh6,Nikoletta Dransfield,1994-05-27,ndransfieldh6@ezinearticles.com,2021-03-08 20:41
itounh7,Isaak Toun,2003-09-08,itounh7@msu.edu,2021-02-19 8:24
gtrubshaweh8,Giles Trubshawe,1976-12-24,gtrubshaweh8@jigsy.com,2021-03-15 14:15
afoffanoh9,Abdul Foffano,1974-03-17,afoffanoh9@cloudflare.com,2021-01-23 11:34
yhymorha,Yorgos Hymor,1998-10-15,yhymorha@icq.com,2021-02-14 21:38
cdourishb,Casper Douris,1992-12-29,cdourishb@flickr.com,2021-02-14 7:45
deriehc,Denni Erie,1993-12-05,deriehc@so-net.ne.jp,2021-03-02 6:49
brawhd,Brandy Raw,1990-05-16,brawhd@earthlink.net,2021-02-04 13:00
eorteshe,Elenore Ortes,1984-05-19,eorteshe@delicious.com,2021-02-22 16:33
jmccomiskeyhf,Jessie McComiskey,1987-02-10,jmccomiskeyhf@ow.ly,2021-03-18 17:39
bcrossfeldhg,Bonnie Crossfeld,1996-10-09,bcrossfeldhg@shareasale.com,2021-01-24 12:24
jpescudhh,Jule Pescud,1978-10-13,jpescudhh@mozilla.org,2021-02-21 5:16
sskentelberyhi,Seymour Skentelbery,1971-07-10,sskentelberyhi@usgs.gov,2021-03-09 21:36
vlawdenhj,Verne Lawden,1994-04-14,vlawdenhj@cam.ac.uk,2021-03-12 9:05
hmanginothk,Henrik Manginot,2002-10-02,hmanginothk@ezinearticles.com,2021-02-16 7:19
aradbornhl,Alfie Radborn,1995-10-03,aradbornhl@utexas.edu,2021-03-13 11:06
smacvanamyhm,Silva MacVanamy,1999-09-10,smacvanamyhm@odnoklassniki.ru,2021-02-24 16:32
dmcquirkhn,Drugi McQuirk,1988-11-22,dmcquirkhn@hibu.com,2021-02-15 0:35
nbuckhamho,Nealon Buckham,1976-05-30,nbuckhamho@wikipedia.org,2021-02-16 8:41
jgravehp,Jeanine Grave,1975-01-11,jgravehp@google.fr,2021-02-21 6:24
volnerhq,Vi Olner,2004-01-07,volnerhq@ucoz.com,2021-02-27 4:42
bknapphr,Berthe Knapp,1970-04-17,bknapphr@phpbb.com,2021-02-26 10:44
geakeleyhs,Gena Eakeley,1980-07-06,geakeleyhs@xrea.com,2021-02-10 3:28
bguymerht,Bourke Guymer,1983-03-04,bguymerht@posterous.com,2021-02-22 13:12
bdunckleyhu,Bernetta Dunckley,1983-05-17,bdunckleyhu@cafepress.com,2021-02-04 1:55
dwayperhv,Dewain Wayper,2004-04-11,dwayperhv@indiatimes.com,2021-03-14 10:04
cianittellohw,Carmelia Ianittello,1993-10-06,cianittellohw@ucoz.ru,2021-03-22 22:11
rthraveshx,Riley Thraves,1985-07-08,rthraveshx@springer.com,2021-02-01 2:45
rbunyanhy,Roberta Bunyan,1971-04-25,rbunyanhy@livejournal.com,2021-01-31 20:56
estockhillhz,Eugen Stockhill,1998-03-20,estockhillhz@altervista.org,2021-02-08 21:59
rforsardi0,Robbert Forsard,1977-04-16,rforsardi0@typepad.com,2021-02-25 17:03
fnewlovei1,Franciskus Newlove,1982-11-25,fnewlovei1@typepad.com,2021-01-25 17:42
mwarbeysi2,Michaela Warbeys,2002-07-06,mwarbeysi2@ucsd.edu,2021-02-23 1:33
dbeggani3,Darbee Beggan,2001-07-02,dbeggani3@geocities.jp,2021-01-30 0:56
lmetterickei4,Lukas Mettericke,2001-11-19,lmetterickei4@go.com,2021-02-09 13:02
rwrouti5,Raleigh Wrout,1985-07-08,rwrouti5@fotki.com,2021-02-13 6:11
kdoylandi6,Karia Doyland,2004-08-08,kdoylandi6@gizmodo.com,2021-03-11 2:55
dlanchesteri7,Demetris Lanchester,1983-11-17,dlanchesteri7@wikimedia.org,2021-03-01 1:38
ltweedlei8,Levey Tweedle,2002-07-26,ltweedlei8@samsung.com,2021-02-01 18:03
fhitzschkei9,Franzen Hitzschke,1987-09-28,fhitzschkei9@buzzfeed.com,2021-02-20 6:41
vdivineia,Van Divine,1970-08-30,vdivineia@wikispaces.com,2021-03-08 15:28
rplanteib,Rock Plante,1980-01-22,rplanteib@census.gov,2021-02-14 1:02
ccovelleic,Clayton Covelle,1981-05-30,ccovelleic@oaic.gov.au,2021-03-15 7:13
nduffillid,Norby Duffill,2002-03-11,nduffillid@cdbaby.com,2021-03-16 15:36
gfulksie,Gloriane Fulks,1978-07-28,gfulksie@ucoz.ru,2021-03-17 14:40
rgravestonif,Rorke Graveston,1982-09-20,rgravestonif@mtv.com,2021-02-14 11:12
avaloisig,Ansley Valois,1997-02-03,avaloisig@cyberchimps.com,2021-02-25 20:19
bconveryih,Brice Convery,1994-03-27,bconveryih@fc2.com,2021-02-14 16:46
aakettii,Alejandro Akett,1985-05-03,aakettii@gravatar.com,2021-03-11 0:29
ccowleij,Cherianne Cowle,1996-01-06,ccowleij@yandex.ru,2021-02-27 9:41
ccolgraveik,Conni Colgrave,1998-04-01,ccolgraveik@123-reg.co.uk,2021-03-09 7:16
sheatlieil,Sayers Heatlie,2001-07-11,sheatlieil@reuters.com,2021-02-07 18:12
bkirkupim,Balduin Kirkup,1998-07-27,bkirkupim@geocities.jp,2021-03-05 13:17
pdellin,Pebrook Dell Casa,1974-01-16,pdellin@domainmarket.com,2021-02-15 3:18
kbarnfatherio,Karyl Barnfather,1992-04-24,kbarnfatherio@pagesperso-orange.fr,2021-02-14 0:25
sbueyip,Shaina Buey,1985-07-14,sbueyip@exblog.jp,2021-02-23 5:34
adeiq,Andrea De Cruz,1974-06-15,adeiq@tumblr.com,2021-03-15 16:42
msevinir,Merilyn Sevin,1980-04-20,msevinir@yale.edu,2021-02-13 1:05
hemlenis,Hugues Emlen,1988-09-26,hemlenis@twitter.com,2021-02-23 21:40
rcolthardit,Ruggiero Colthard,1994-06-08,rcolthardit@google.com.br,2021-02-05 7:21
fgallifontiu,Florence Gallifont,1996-01-16,fgallifontiu@pagesperso-orange.fr,2021-03-09 12:30
tdowningiv,Tibold Downing,1988-01-23,tdowningiv@shop-pro.jp,2021-01-25 12:37
ggerardotiw,Grange Gerardot,1981-03-08,ggerardotiw@imageshack.us,2021-01-27 16:09
paggix,Perceval Agg,1993-05-08,paggix@booking.com,2021-03-19 0:03
astorrsiy,Adolph Storrs,1999-01-15,astorrsiy@123-reg.co.uk,2021-01-31 22:14
rrenolsiz,Rheta Renols,1978-02-23,rrenolsiz@people.com.cn,2021-03-05 8:15
fzanicchellij0,Flor Zanicchelli,1973-09-03,fzanicchellij0@yahoo.co.jp,2021-02-03 7:44
adowdellj1,Anetta Dowdell,1995-11-25,adowdellj1@unc.edu,2021-03-19 5:57
hexeterj2,Hernando Exeter,2002-12-07,hexeterj2@harvard.edu,2021-03-10 0:51
kstocktonj3,Koral Stockton,1983-04-13,kstocktonj3@newyorker.com,2021-02-20 2:53
apreedyj4,Alyson Preedy,2004-06-15,apreedyj4@businessweek.com,2021-03-05 6:35
mtashj5,Manon Tash,1976-02-14,mtashj5@creativecommons.org,2021-01-30 8:40
bscarlonj6,Babbette Scarlon,1993-01-24,bscarlonj6@pinterest.com,2021-02-08 9:47
nstanbroj7,Norbert Stanbro,1987-02-12,nstanbroj7@g.co,2021-02-13 11:15
cpimlottj8,Christian Pimlott,1977-08-15,cpimlottj8@technorati.com,2021-03-18 19:26
lsisleyj9,Lyon Sisley,2000-01-13,lsisleyj9@ted.com,2021-03-16 21:53
kdaceja,Keith Dace,1997-03-09,kdaceja@360.cn,2021-02-11 18:12
aflukesjb,Ambrose Flukes,1987-04-12,aflukesjb@addthis.com,2021-03-20 5:57
afisbeyjc,Althea Fisbey,2003-06-25,afisbeyjc@weibo.com,2021-03-18 4:09
lbardayjd,Lida Barday,1994-05-08,lbardayjd@aol.com,2021-02-04 8:26
aleggattje,Ailbert Leggatt,1977-09-12,aleggattje@woothemes.com,2021-03-10 10:36
mhagleyjf,Merrilee Hagley,1974-07-20,mhagleyjf@g.co,2021-02-25 4:40
dskeemerjg,Dorthea Skeemer,1998-09-08,dskeemerjg@tinypic.com,2021-02-03 8:32
adarcyjh,Ame Darcy,1990-04-27,adarcyjh@tuttocitta.it,2021-03-02 23:25
ihaxellji,Irina Haxell,1988-05-10,ihaxellji@guardian.co.uk,2021-02-14 10:53
kwealleansjj,Kristopher Wealleans,1994-06-30,kwealleansjj@virginia.edu,2021-01-25 21:37
aroffeyjk,Alysia Roffey,1975-05-20,aroffeyjk@dion.ne.jp,2021-02-02 15:30
mwyvilljl,Madison Wyvill,1976-02-02,mwyvilljl@google.es,2021-02-21 2:43
fbolducjm,Franz Bolduc,1970-11-07,fbolducjm@dagondesign.com,2021-02-03 1:52
kivanjn,Kaye Ivan,1981-09-27,kivanjn@mac.com,2021-03-06 2:13
eyglesiajo,Eleanor Yglesia,1981-01-08,eyglesiajo@comsenz.com,2021-01-31 23:45
crickardjp,Cirstoforo Rickard,2000-03-03,crickardjp@ustream.tv,2021-01-25 5:43
jaddersonjq,Jillana Adderson,1994-01-17,jaddersonjq@slashdot.org,2021-02-13 20:01
awhitecrossjr,Arte Whitecross,1975-06-26,awhitecrossjr@gov.uk,2021-02-03 4:46
npotteriljs,Norbert Potteril,2003-02-09,npotteriljs@barnesandnoble.com,2021-02-16 16:39
mannesliejt,Mada Anneslie,1988-11-08,mannesliejt@gmpg.org,2021-03-10 20:36
tsieghardju,Tatiana Sieghard,1983-10-15,tsieghardju@admin.ch,2021-02-22 2:26
ckehirjv,Celinda Kehir,1987-02-28,ckehirjv@taobao.com,2021-03-03 23:58
sbarnfatherjw,Sara Barnfather,1985-09-14,sbarnfatherjw@samsung.com,2021-03-04 15:13
ddavidovejx,Denna Davidove,1992-05-04,ddavidovejx@army.mil,2021-02-06 7:07
bcristoljy,Becca Cristol,1974-02-08,bcristoljy@pbs.org,2021-02-10 17:46
dshillingfordjz,Danette Shillingford,1982-10-25,dshillingfordjz@dedecms.com,2021-01-26 1:41
espurlingk0,Elnar Spurling,1970-09-11,espurlingk0@seattletimes.com,2021-03-19 10:39
etremouletk1,Elene Tremoulet,2001-04-05,etremouletk1@indiatimes.com,2021-02-12 1:06
rgarnk2,Renado Garn,1975-12-25,rgarnk2@bbb.org,2021-02-06 3:55
vattwoodk3,Virginia Attwood,1991-01-28,vattwoodk3@ycombinator.com,2021-03-19 6:59
ptomczykowskik4,Pavla Tomczykowski,2003-02-22,ptomczykowskik4@oracle.com,2021-03-16 13:08
ywhinrayk5,Yul Whinray,1987-11-14,ywhinrayk5@wix.com,2021-01-24 9:59
tklambtk6,Tobie Klambt,1990-08-07,tklambtk6@about.com,2021-02-16 10:08
riffek7,Roy Iffe,1970-12-01,riffek7@dropbox.com,2021-02-09 3:14
okynforthk8,Oran Kynforth,2003-04-09,okynforthk8@hexun.com,2021-03-12 3:55
mfrodshamk9,Marge Frodsham,1993-01-27,mfrodshamk9@tuttocitta.it,2021-02-10 20:06
tewdaleka,Tina Ewdale,1989-10-29,tewdaleka@indiegogo.com,2021-01-30 18:41
hsheltonkb,Hyacinth Shelton,1971-10-13,hsheltonkb@ovh.net,2021-03-01 7:18
msidsaffkc,Mayer Sidsaff,1987-07-26,msidsaffkc@xinhuanet.com,2021-01-28 21:26
bivickd,Bo Ivic,1989-06-28,bivickd@behance.net,2021-03-06 9:33
lvanke,Lazarus Van Cassel,1974-05-27,lvanke@example.com,2021-02-12 6:11
nvooghtkf,Norbie Vooght,1975-01-25,nvooghtkf@amazon.co.uk,2021-03-03 9:45
ldowsekg,Laraine Dowse,1984-06-04,ldowsekg@mashable.com,2021-02-27 18:16
mperillokh,Marlane Perillo,1997-02-25,mperillokh@tinypic.com,2021-03-21 14:11
ctrevascuski,Chancey Trevascus,1984-01-13,ctrevascuski@mapquest.com,2021-01-23 14:04
nrenahankj,Nelie Renahan,1986-11-01,nrenahankj@cafepress.com,2021-03-18 2:32
rdekk,Renelle De Carteret,1986-03-09,rdekk@guardian.co.uk,2021-02-28 5:27
rbrashkl,Rafaello Brash,1988-11-08,rbrashkl@craigslist.org,2021-02-18 7:06
wlugdenkm,Waylan Lugden,2005-03-15,wlugdenkm@spotify.com,2021-03-16 22:28
chammkn,Collen Hamm,1981-04-17,chammkn@sphinn.com,2021-02-17 21:29
ddako,Dexter Da Costa,1988-01-18,ddako@eepurl.com,2021-03-02 9:15
bcuddekp,Barn Cudde,1972-05-23,bcuddekp@accuweather.com,2021-02-18 14:20
scrosswaitekq,Saundra Crosswaite,2002-05-20,scrosswaitekq@ft.com,2021-02-22 7:54
mambrosonikr,Mervin Ambrosoni,1999-02-13,mambrosonikr@phoca.cz,2021-01-25 10:29
rwoolfittks,Ruby Woolfitt,1982-09-11,rwoolfittks@youtu.be,2021-02-16 10:33
mdunkinsonkt,Murielle Dunkinson,1995-04-06,mdunkinsonkt@marriott.com,2021-03-18 14:49
lchishullku,Lyn Chishull,1988-12-29,lchishullku@github.io,2021-03-15 5:06
tduerkv,Thornie Duer,2003-08-05,tduerkv@state.gov,2021-02-03 2:36
rharlockkw,Rockie Harlock,1988-11-02,rharlockkw@ihg.com,2021-01-28 13:22
smitchinsonkx,Susy Mitchinson,1991-01-05,smitchinsonkx@yale.edu,2021-01-25 0:48
bmacredmondky,Bria MacRedmond,1993-03-30,bmacredmondky@paypal.com,2021-02-25 22:20
dbruunkz,Doe Bruun,2004-10-13,dbruunkz@reddit.com,2021-03-07 22:02
hrosentholerl0,Haily Rosentholer,1975-09-22,hrosentholerl0@reddit.com,2021-02-27 3:37
bharrildl1,Bruce Harrild,2001-11-13,bharrildl1@utexas.edu,2021-02-09 20:51
obedenhaml2,Otis Bedenham,1993-03-16,obedenhaml2@about.com,2021-02-09 16:06
trufflel3,Thom Ruffle,2003-11-19,trufflel3@about.com,2021-02-16 18:09
jamissl4,Jackelyn Amiss,1998-04-22,jamissl4@nih.gov,2021-01-27 10:02
cspraggel5,Cornelia Spragge,1971-12-18,cspraggel5@nih.gov,2021-03-11 2:42
kqueripell6,Karola Queripel,1992-06-26,kqueripell6@virginia.edu,2021-03-12 15:42
lblakestonl7,Lucia Blakeston,1981-05-21,lblakestonl7@reverbnation.com,2021-03-17 0:46
cbourtoumieuxl8,Cher Bourtoumieux,1997-02-26,cbourtoumieuxl8@a8.net,2021-03-07 13:47
nendel9,Nora Ende,1997-02-10,nendel9@princeton.edu,2021-03-22 21:16
rpentlandla,Roana Pentland,2001-03-30,rpentlandla@xrea.com,2021-01-30 3:51
pbattanylb,Padraig Battany,1989-09-20,pbattanylb@meetup.com,2021-01-31 19:59
tstichellc,Tome Stichel,1980-03-20,tstichellc@nbcnews.com,2021-02-26 2:57
ckarlqvistld,Carr Karlqvist,1993-01-05,ckarlqvistld@nbcnews.com,2021-02-18 1:03
abuesdenle,Aluino Buesden,1974-05-31,abuesdenle@auda.org.au,2021-02-23 21:46
mjandellf,Moise Jandel,1978-07-02,mjandellf@4shared.com,2021-03-02 17:10
ivedeneevlg,Ingar Vedeneev,1976-03-08,ivedeneevlg@flickr.com,2021-03-06 7:39
mleahlh,Matthieu Leah,1972-01-25,mleahlh@go.com,2021-03-12 20:41
efellinili,Eran Fellini,1984-02-09,efellinili@yahoo.com,2021-03-09 9:44
lcropplj,Liesa Cropp,1995-01-06,lcropplj@lulu.com,2021-02-06 17:45
cperfililk,Clara Perfili,1974-11-28,cperfililk@un.org,2021-02-14 0:39
rbereclothll,Rory Berecloth,1977-10-25,rbereclothll@craigslist.org,2021-02-18 18:03
ztockelllm,Zolly Tockell,1981-03-28,ztockelllm@lulu.com,2021-03-16 15:34
wcrosseln,Willi Crosse,1976-09-21,wcrosseln@unblog.fr,2021-03-19 23:39
atriebnerlo,Ailis Triebner,1984-01-17,atriebnerlo@imgur.com,2021-03-11 5:00
lmactrustylp,Lutero MacTrusty,1984-10-07,lmactrustylp@utexas.edu,2021-01-24 11:27
jkieltylq,Johannah Kielty,2004-06-22,jkieltylq@weebly.com,2021-02-10 5:08
dhundalllr,Del Hundall,1974-01-23,dhundalllr@list-manage.com,2021-02-09 21:42
llutwychels,Lenard Lutwyche,1970-06-15,llutwychels@bandcamp.com,2021-03-22 6:38
ycobbaldlt,Yvette Cobbald,1971-01-25,ycobbaldlt@google.fr,2021-02-01 23:34
jbrungerlu,Jedd Brunger,1990-07-13,jbrungerlu@rediff.com,2021-01-26 4:13
dhallawelllv,Dorry Hallawell,1991-03-23,dhallawelllv@edublogs.org,2021-02-14 13:01
hprevettlw,Hillier Prevett,1972-05-19,hprevettlw@over-blog.com,2021-02-23 12:27
hmcartelx,Hartley McArte,1997-10-08,hmcartelx@biglobe.ne.jp,2021-03-05 8:08
zpuncherly,Zachary Puncher,1991-07-24,zpuncherly@wiley.com,2021-02-26 12:23
aspireslz,Ashleigh Spires,2004-06-17,aspireslz@google.ru,2021-02-07 5:00
rdulym0,Rania Duly,2001-10-06,rdulym0@facebook.com,2021-02-18 2:45
fzavattarim1,Fitz Zavattari,1997-04-16,fzavattarim1@paginegialle.it,2021-02-06 20:02
agodonm2,Allissa Godon,1994-07-30,agodonm2@amazonaws.com,2021-03-09 9:18
kcanam3,Kirby Cana,1980-12-19,kcanam3@ed.gov,2021-02-07 20:40
aseverm4,Alison Sever,2001-12-18,aseverm4@cbc.ca,2021-02-08 20:07
chanrahanm5,Camala Hanrahan,2001-07-15,chanrahanm5@sogou.com,2021-02-16 6:09
dstaterfieldm6,Donelle Staterfield,1990-03-24,dstaterfieldm6@techcrunch.com,2021-02-12 15:55
sjudsonm7,Stormy Judson,1984-03-06,sjudsonm7@hp.com,2021-02-04 6:48
htripneym8,Hugh Tripney,1982-08-28,htripneym8@friendfeed.com,2021-02-08 0:29
imankorm9,Irvine Mankor,1977-08-04,imankorm9@addtoany.com,2021-02-07 23:55
bsiviorma,Briano Sivior,1979-09-23,bsiviorma@dell.com,2021-02-03 9:22
baleswellmb,Britta Aleswell,1994-05-10,baleswellmb@naver.com,2021-02-02 11:03
woflynnmc,Wait O'Flynn,1982-09-03,woflynnmc@umn.edu,2021-03-16 14:59
jreademd,Jillene Reade,1996-10-08,jreademd@youtube.com,2021-02-08 10:33
deastmondme,Darcee Eastmond,1972-01-05,deastmondme@lycos.com,2021-01-28 9:21
dneedsmf,Drucie Needs,2000-07-03,dneedsmf@hp.com,2021-01-23 8:44
bmeiklammg,Benson Meiklam,1972-09-07,bmeiklammg@jalbum.net,2021-02-11 9:28
lsandersonmh,Lorenzo Sanderson,1971-08-01,lsandersonmh@facebook.com,2021-03-01 1:21
dkienzlemi,Dermot Kienzle,1985-06-05,dkienzlemi@biblegateway.com,2021-01-26 16:20
gdemj,Glennie De Roberto,2000-07-18,gdemj@naver.com,2021-02-01 22:41
amulranmk,Alvina Mulran,2003-07-13,amulranmk@mlb.com,2021-02-22 11:22
bdobbisonml,Brandais Dobbison,1978-08-16,bdobbisonml@scribd.com,2021-03-22 3:58
mbrailsfordmm,Missie Brailsford,1983-07-14,mbrailsfordmm@blogspot.com,2021-03-06 1:00
aleybandmn,Allissa Leyband,1976-06-15,aleybandmn@flavors.me,2021-01-26 7:43
jforseithmo,Joceline Forseith,1970-06-09,jforseithmo@skyrock.com,2021-02-01 13:20
bwilsonmp,Brandy Wilson,1972-02-18,bwilsonmp@usnews.com,2021-03-19 16:59
clisamoremq,Cosetta Lisamore,1999-08-11,clisamoremq@qq.com,2021-03-19 8:44
fwybrewmr,Faith Wybrew,1989-08-02,fwybrewmr@icio.us,2021-03-15 3:15
lpenburtonms,Lilyan Penburton,1988-01-05,lpenburtonms@bandcamp.com,2021-03-08 15:12
ecastaignetmt,Elwira Castaignet,1972-03-28,ecastaignetmt@mozilla.com,2021-02-14 20:12
bdavidsohnmu,Baily Davidsohn,1994-12-17,bdavidsohnmu@opensource.org,2021-01-26 13:31
mcarstairsmv,Meg Carstairs,1989-04-21,mcarstairsmv@gravatar.com,2021-02-04 19:31
amacalpinmw,Asa MacAlpin,1991-01-23,amacalpinmw@dion.ne.jp,2021-03-02 16:44
afranckmx,Aindrea Franck,2002-01-01,afranckmx@netlog.com,2021-03-10 19:15
ebetkemy,Edie Betke,1972-10-08,ebetkemy@flavors.me,2021-02-01 11:09
vraultmz,Veronica Rault,1970-06-05,vraultmz@sun.com,2021-02-09 0:46
jsewardn0,Jacklin Seward,1983-01-17,jsewardn0@ocn.ne.jp,2021-02-22 17:48
jkoenen1,Jethro Koene,2003-09-09,jkoenen1@pagesperso-orange.fr,2021-01-25 20:18
ewastien2,Edvard Wastie,1995-08-11,ewastien2@mac.com,2021-03-06 22:34
rlowenn3,Ryon Lowen,1976-09-01,rlowenn3@who.int,2021-03-20 0:36
rbeadhamn4,Reinaldo Beadham,1976-09-20,rbeadhamn4@arizona.edu,2021-03-16 2:13
aeyrln5,Antonino Eyrl,1983-06-10,aeyrln5@accuweather.com,2021-01-27 14:37
dbristown6,David Bristow,2004-10-16,dbristown6@ox.ac.uk,2021-02-13 8:52
wisacqn7,Whitaker Isacq,1979-03-18,wisacqn7@chicagotribune.com,2021-02-03 17:38
bberren8,Brenn Berre,1987-12-30,bberren8@whitehouse.gov,2021-01-26 3:05
privaln9,Prudy Rival,1979-09-02,privaln9@boston.com,2021-03-01 19:55
mlampetna,Marget Lampet,2002-04-30,mlampetna@hc360.com,2021-01-24 15:30
aenefernb,Avril Enefer,1971-04-06,aenefernb@printfriendly.com,2021-02-07 23:29
ahulancenc,Adolphus Hulance,1978-07-07,ahulancenc@netlog.com,2021-02-13 13:36
hbrutynd,Harrie Bruty,1983-06-02,hbrutynd@imgur.com,2021-02-11 23:13
mhallbordne,Madel Hallbord,1996-09-07,mhallbordne@netscape.com,2021-02-18 11:45
ssilberschatznf,Selia Silberschatz,1976-01-21,ssilberschatznf@list-manage.com,2021-02-25 2:36
llemerieng,Latia Lemerie,1986-12-25,llemerieng@google.pl,2021-02-19 0:45
pwestoffnh,Phineas Westoff,1988-06-23,pwestoffnh@miibeian.gov.cn,2021-03-11 20:03
lleysni,Laurie Leys,1992-03-26,lleysni@va.gov,2021-01-25 15:21
apfliegernj,Adina Pflieger,1992-08-06,apfliegernj@samsung.com,2021-03-02 7:03
amcspirronnk,Allie McSpirron,1987-05-31,amcspirronnk@reference.com,2021-02-27 13:29
apelcheurnl,Ashlan Pelcheur,1989-05-28,apelcheurnl@newyorker.com,2021-02-14 13:24
santoniounm,Sukey Antoniou,2001-12-11,santoniounm@slideshare.net,2021-02-15 12:30
dpitonenn,Daryl Pitone,1977-06-24,dpitonenn@pcworld.com,2021-02-02 13:14
btankardno,Bret Tankard,1979-01-14,btankardno@networksolutions.com,2021-02-02 3:46
lmitchelsonnp,Libbey Mitchelson,1994-10-03,lmitchelsonnp@dagondesign.com,2021-02-21 2:37
asantnq,Adele Sant,1972-03-12,asantnq@myspace.com,2021-02-03 10:05
smcgeadynr,Selestina McGeady,1977-02-16,smcgeadynr@blogtalkradio.com,2021-03-10 19:40
loswickns,Levin Oswick,1994-05-07,loswickns@is.gd,2021-01-25 23:04
nlittricknt,Nathalia Littrick,1984-09-03,nlittricknt@google.com.hk,2021-03-01 23:04
oadesnu,Odella Ades,1984-11-11,oadesnu@qq.com,2021-02-14 2:09
jmaasnv,Johny Maas,1985-03-21,jmaasnv@fda.gov,2021-03-05 0:22
vpenricenw,Vanna Penrice,1996-11-07,vpenricenw@alexa.com,2021-02-14 20:12
rblenkinsoppnx,Reyna Blenkinsopp,1974-11-10,rblenkinsoppnx@adobe.com,2021-03-07 17:13
msilwoodny,Madonna Silwood,1987-07-27,msilwoodny@printfriendly.com,2021-03-11 9:22
gfossettnz,Guilbert Fossett,1988-03-05,gfossettnz@omniture.com,2021-01-31 9:30
dsergeaunto0,Deanna Sergeaunt,1979-11-11,dsergeaunto0@sogou.com,2021-02-26 22:58
kbartheleto1,Karna Barthelet,1994-04-02,kbartheleto1@disqus.com,2021-03-18 21:09
aidienso2,Archy Idiens,1981-11-14,aidienso2@youtube.com,2021-02-05 13:27
kmeighano3,Kain Meighan,1992-09-12,kmeighano3@ebay.com,2021-03-02 15:45
slindenmano4,Sebastien Lindenman,1986-10-16,slindenmano4@adobe.com,2021-02-13 7:17
didao5,Dalia Ida,2002-12-14,didao5@opera.com,2021-03-17 21:54
cabbiso6,Christine Abbis,2000-05-05,cabbiso6@over-blog.com,2021-01-31 0:25
lhumberto7,Lief Humbert,1996-07-06,lhumberto7@topsy.com,2021-02-06 3:47
bskaceo8,Burr Skace,1977-09-04,bskaceo8@so-net.ne.jp,2021-03-20 9:17
hingero9,Hadlee Inger,1979-07-09,hingero9@vkontakte.ru,2021-03-06 0:09
jdallawayoa,Josh Dallaway,1986-09-07,jdallawayoa@house.gov,2021-02-23 15:43
ceptonob,Chrystel Epton,1981-10-04,ceptonob@yellowpages.com,2021-02-02 1:57
dcalltoneoc,Dennie Calltone,1981-09-07,dcalltoneoc@networkadvertising.org,2021-01-28 11:11
fraineyod,Francklin Rainey,1977-03-24,fraineyod@deviantart.com,2021-02-12 10:32
adeoe,Alon De Angelis,1975-05-17,adeoe@mapy.cz,2021-02-08 15:04
ckohrdingof,Cori Kohrding,1989-01-14,ckohrdingof@boston.com,2021-02-14 14:14
smcintoshog,Stacee McIntosh,1983-01-13,smcintoshog@ucsd.edu,2021-02-25 6:22
acurteisoh,Andrea Curteis,1986-07-09,acurteisoh@time.com,2021-02-17 15:28
bpeltzeroi,Bertine Peltzer,1988-12-14,bpeltzeroi@scribd.com,2021-02-12 7:35
jsmuthoj,Jaymee Smuth,1989-05-14,jsmuthoj@ucsd.edu,2021-02-09 19:30
gduggetok,Georgia Dugget,1981-03-10,gduggetok@slate.com,2021-03-11 5:03
cbathoweol,Cobby Bathowe,1981-07-26,cbathoweol@unesco.org,2021-02-13 11:26
mansteeom,Maire Anstee,2005-02-07,mansteeom@dedecms.com,2021-01-26 20:37
spilgeron,Shay Pilger,1994-02-03,spilgeron@networkadvertising.org,2021-02-05 23:05
mjellyoo,Mag Jelly,1970-11-18,mjellyoo@twitpic.com,2021-02-21 7:03
vtrathenop,Vasily Trathen,1997-02-08,vtrathenop@1und1.de,2021-02-22 9:29
sgrimwadeoq,Stavro Grimwade,1980-08-26,sgrimwadeoq@slideshare.net,2021-01-24 18:45
nswadlenor,Nerta Swadlen,1991-06-21,nswadlenor@independent.co.uk,2021-03-21 1:46
yhumblestoneos,Yves Humblestone,1989-02-25,yhumblestoneos@mayoclinic.com,2021-02-07 15:59
teasonot,Theodore Eason,2001-03-20,teasonot@mediafire.com,2021-03-06 12:01
gmckeeverou,Guglielma McKeever,1991-12-23,gmckeeverou@amazon.co.jp,2021-02-20 8:32
mwormanov,Modestia Worman,2004-04-14,mwormanov@comcast.net,2021-02-04 20:58
dcradeyow,Dag Cradey,2004-09-11,dcradeyow@ted.com,2021-03-17 13:34
cpallaskeox,Christye Pallaske,1980-11-26,cpallaskeox@digg.com,2021-03-22 0:12
eantonomoliioy,Elinor Antonomolii,1981-12-07,eantonomoliioy@yahoo.co.jp,2021-01-31 1:01
tfargheroz,Thalia Fargher,1985-05-02,tfargheroz@weebly.com,2021-03-22 13:04
hjimmesp0,Hadrian Jimmes,2002-09-29,hjimmesp0@indiatimes.com,2021-02-26 14:13
abullonp1,Andras Bullon,1979-12-31,abullonp1@edublogs.org,2021-01-23 7:09
lronaynep2,Liam Ronayne,1989-03-16,lronaynep2@cocolog-nifty.com,2021-03-02 21:54
crymillp3,Cloe Rymill,1975-10-12,crymillp3@usnews.com,2021-02-16 9:07
npranglep4,Norrie Prangle,1977-07-16,npranglep4@zdnet.com,2021-02-28 23:17
kgirckep5,Kassandra Gircke,1973-09-01,kgirckep5@ocn.ne.jp,2021-03-15 21:26
rmatkinp6,Roxanna Matkin,1997-11-10,rmatkinp6@unblog.fr,2021-02-22 4:03
bbrewittp7,Bealle Brewitt,1990-10-23,bbrewittp7@dmoz.org,2021-01-28 22:52
adip8,Ami Di Domenico,1981-04-27,adip8@google.pl,2021-02-16 18:57
bmarczykp9,Boothe Marczyk,2002-01-11,bmarczykp9@techcrunch.com,2021-02-21 15:55
lshadrachpa,Lorelei Shadrach,1986-08-15,lshadrachpa@miibeian.gov.cn,2021-01-29 2:35
dtroakepb,Devin Troake,1981-06-08,dtroakepb@godaddy.com,2021-03-03 10:57
lonionpc,Leodora Onion,1987-09-12,lonionpc@sfgate.com,2021-02-16 11:19
hoakenfallpd,Hamlin Oakenfall,1983-03-11,hoakenfallpd@ed.gov,2021-03-08 6:29
bbiglype,Bentley Bigly,1980-07-04,bbiglype@smh.com.au,2021-03-18 4:02
cduxbarrypf,Cordie Duxbarry,2002-06-10,cduxbarrypf@csmonitor.com,2021-02-08 23:47
gleningpg,Guthry Lening,1994-12-10,gleningpg@nydailynews.com,2021-03-03 4:00
ecastellettoph,Elenore Castelletto,1982-12-22,ecastellettoph@rambler.ru,2021-03-21 3:52
mbenoypi,Marven Benoy,2002-08-30,mbenoypi@independent.co.uk,2021-03-22 3:46
mtrokerpj,Marlo Troker,2002-05-05,mtrokerpj@arizona.edu,2021-02-21 20:33
cclemaspk,Colly Clemas,1983-11-18,cclemaspk@tiny.cc,2021-03-13 23:59
hriccardellipl,Hoyt Riccardelli,1982-07-29,hriccardellipl@wikimedia.org,2021-03-22 15:04
npersickepm,Nata Persicke,1994-07-10,npersickepm@indiatimes.com,2021-02-08 19:42
hgibbypn,Hank Gibby,2000-12-08,hgibbypn@is.gd,2021-02-20 5:56
emaccaheypo,Elbertina MacCahey,1995-07-29,emaccaheypo@yellowbook.com,2021-01-24 7:39
rorrowpp,Renelle Orrow,1975-04-13,rorrowpp@drupal.org,2021-02-06 20:40
ceassompq,Cull Eassom,1997-05-10,ceassompq@marketwatch.com,2021-03-06 15:54
vfraulopr,Van Fraulo,2000-09-28,vfraulopr@cyberchimps.com,2021-01-23 11:01
beaklyps,Berk Eakly,2001-05-21,beaklyps@thetimes.co.uk,2021-02-06 3:57
ccamollipt,Carine Camolli,1987-12-16,ccamollipt@digg.com,2021-03-17 23:22
kbomanpu,Kelsey Boman,1994-10-27,kbomanpu@wp.com,2021-02-28 12:38
sandrichakpv,Sheilakathryn Andrichak,1972-03-12,sandrichakpv@topsy.com,2021-03-06 20:07
niffepw,Nelly Iffe,1989-06-26,niffepw@techcrunch.com,2021-01-25 11:22
ceveringhampx,Cyndie Everingham,1990-09-19,ceveringhampx@wordpress.org,2021-02-13 11:55
ksemperpy,Katrine Semper,1989-11-12,ksemperpy@cmu.edu,2021-03-14 17:25
ldomaschkepz,Letisha Domaschke,1978-12-14,ldomaschkepz@pbs.org,2021-03-09 2:43
cbrockherstq0,Catherina Brockherst,1975-04-12,cbrockherstq0@paypal.com,2021-03-17 12:49
emioniq1,Ed Mioni,1993-07-17,emioniq1@ft.com,2021-03-12 8:52
fleveq2,Fifine Leve,1984-10-07,fleveq2@bloglines.com,2021-01-23 23:29
ipoxsonq3,Isa Poxson,1983-06-24,ipoxsonq3@imageshack.us,2021-02-18 12:47
asealyq4,Alissa Sealy,1996-07-07,asealyq4@technorati.com,2021-03-12 16:31
tculchethq5,Teena Culcheth,1988-10-05,tculchethq5@mapy.cz,2021-01-30 0:54
fhardernq6,Fairleigh Hardern,1980-10-31,fhardernq6@drupal.org,2021-02-21 17:00
jprinneq7,Janice Prinne,1998-09-11,jprinneq7@ed.gov,2021-03-20 10:59
nramstedq8,Nico Ramsted,1995-09-30,nramstedq8@tinypic.com,2021-03-11 23:40
ssedgemanq9,Sibeal Sedgeman,1992-08-18,ssedgemanq9@huffingtonpost.com,2021-02-06 4:22
bcollsqa,Banky Colls,1993-07-28,bcollsqa@sina.com.cn,2021-03-19 8:55
ocrambqb,Orlando Cramb,2002-11-29,ocrambqb@acquirethisname.com,2021-02-10 19:55
againsboroqc,Amalita Gainsboro,1977-02-24,againsboroqc@4shared.com,2021-03-13 13:24
rwahnckeqd,Rosalie Wahncke,2002-11-16,rwahnckeqd@github.io,2021-02-04 18:59
fcrosfieldqe,Felix Crosfield,1977-07-15,fcrosfieldqe@hexun.com,2021-03-16 1:50
hswadenqf,Howie Swaden,1976-03-16,hswadenqf@businessinsider.com,2021-02-07 2:45
paxellqg,Pepito Axell,2004-03-30,paxellqg@hostgator.com,2021-02-13 12:35
pbriskerqh,Pammie Brisker,1996-08-24,pbriskerqh@unesco.org,2021-02-14 7:48
dmucklestoneqi,Donni Mucklestone,1982-04-09,dmucklestoneqi@booking.com,2021-02-21 0:05
acocklinqj,Anne-marie Cocklin,1979-12-15,acocklinqj@nationalgeographic.com,2021-01-23 22:53
agowlandqk,Ahmed Gowland,1979-09-19,agowlandqk@nature.com,2021-02-09 20:31
fkoppenql,Florette Koppen,2002-10-12,fkoppenql@economist.com,2021-02-09 0:18
mbernardyqm,Morris Bernardy,1990-12-01,mbernardyqm@stanford.edu,2021-02-07 17:22
eyakhinqn,Enrichetta Yakhin,2002-09-06,eyakhinqn@yolasite.com,2021-02-02 11:06
kpessoltqo,Kiersten Pessolt,1997-06-05,kpessoltqo@about.com,2021-02-25 9:51
ncarnallqp,Nedda Carnall,1989-04-04,ncarnallqp@amazon.com,2021-01-23 2:56
bmanoelliqq,Brewster Manoelli,1983-11-10,bmanoelliqq@storify.com,2021-01-26 23:37
akornqr,Arv Korn,1977-08-15,akornqr@goo.gl,2021-02-09 4:04
akuhnhardtqs,Alfy Kuhnhardt,1988-10-08,akuhnhardtqs@yandex.ru,2021-03-14 13:25
mattrideqt,Marice Attride,1971-09-26,mattrideqt@youku.com,2021-03-06 16:26
strenbeyqu,Shelley Trenbey,1982-05-28,strenbeyqu@naver.com,2021-02-01 2:31
mgalvanqv,Morty Galvan,1975-06-14,mgalvanqv@nifty.com,2021-02-15 16:30
cniasqw,Corrine Nias,1987-06-29,cniasqw@foxnews.com,2021-03-07 18:04
flyeqx,Fletcher Lye,1980-08-11,flyeqx@marketwatch.com,2021-02-19 15:11
ahoyesqy,Annabela Hoyes,2004-03-22,ahoyesqy@noaa.gov,2021-02-27 4:37
ffairebrotherqz,Ferdie Fairebrother,1980-05-21,ffairebrotherqz@ebay.com,2021-03-17 9:25
gnaryr0,Guglielmo Nary,2000-06-06,gnaryr0@homestead.com,2021-02-05 20:07
abascomber1,Alfie Bascombe,1977-09-15,abascomber1@myspace.com,2021-02-18 5:28
tpinnickr2,Town Pinnick,1986-01-13,tpinnickr2@chronoengine.com,2021-02-26 21:53
neusticer3,North Eustice,1987-01-24,neusticer3@histats.com,2021-03-17 10:24
cilewiczr4,Cissiee Ilewicz,1997-05-08,cilewiczr4@etsy.com,2021-02-25 11:07
agilhooleyr5,Albertina Gilhooley,1971-09-08,agilhooleyr5@ebay.co.uk,2021-02-13 3:26
lburrisr6,Linnie Burris,1994-05-10,lburrisr6@ycombinator.com,2021-02-25 15:09
mpopplewellr7,Myrta Popplewell,1996-03-06,mpopplewellr7@indiatimes.com,2021-03-12 8:02
rchickr8,Rem Chick,1977-08-22,rchickr8@cnet.com,2021-03-07 0:01
frameletr9,Fernandina Ramelet,1972-09-04,frameletr9@washington.edu,2021-02-17 22:08
ngemnettra,Nikola Gemnett,1996-03-14,ngemnettra@google.co.uk,2021-02-21 18:56
pgladwishrb,Pembroke Gladwish,1996-03-21,pgladwishrb@nhs.uk,2021-03-05 3:38
vruttrc,Venita Rutt,1990-10-29,vruttrc@shutterfly.com,2021-01-26 21:11
ztompkinsrd,Zaneta Tompkins,1975-03-24,ztompkinsrd@gravatar.com,2021-02-23 13:23
tfortyre,Trudi Forty,1998-04-09,tfortyre@aboutads.info,2021-03-09 4:12
keadesrf,Klara Eades,1970-06-19,keadesrf@berkeley.edu,2021-02-05 12:25
wcregeenrg,Wald Cregeen,1987-03-14,wcregeenrg@omniture.com,2021-01-28 5:35
spiggotrh,Shem Piggot,1992-06-09,spiggotrh@berkeley.edu,2021-03-06 23:13
rruddellri,Roxine Ruddell,2004-03-01,rruddellri@vk.com,2021-02-27 16:04
fkenlinrj,Fransisco Kenlin,1979-05-07,fkenlinrj@t.co,2021-03-18 22:49
spottesrk,Spenser Pottes,1973-09-16,spottesrk@plala.or.jp,2021-03-20 4:11
rlydallrl,Rora Lydall,1988-02-02,rlydallrl@mozilla.com,2021-02-17 20:30
gocuddierm,Genia O'Cuddie,1980-02-27,gocuddierm@unicef.org,2021-03-20 8:59
lharbordrn,Lyndsey Harbord,2003-06-15,lharbordrn@angelfire.com,2021-03-03 15:18
amaylamro,Amelita Maylam,1979-04-12,amaylamro@toplist.cz,2021-03-09 16:48
sdoggerellrp,Saloma Doggerell,1994-10-09,sdoggerellrp@google.pl,2021-03-09 3:22
mstrapprq,Marie-ann Strapp,1978-09-11,mstrapprq@mtv.com,2021-03-18 12:58
llabuschagnerr,Lem Labuschagne,1999-01-19,llabuschagnerr@plala.or.jp,2021-02-06 1:10
